post_id,run_id,scraped_at,price,year,make,model,mileage,color,transmission,fuel_type,is_4wd,city,state,zip_code,llm_provider,llm_model,llm_ts,source_txt
7921417422,20260402170008,2026-04-02T17:00:08Z,4900,2006,Saab,9-2X Aero,140000,grey,manual,gasoline,True,Branford,CT,,vertex,gemini-2.5-flash,2026-04-02T17:12:16.047523Z,scrapes/20260402170008/7921417422.txt
7921449116,20260402170008,2026-04-02T17:00:08Z,10450,2009,Nissan,Frontier SE Crew Cab,79780,black,automatic,gasoline,True,Meriden,CT,,vertex,gemini-2.5-flash,2026-04-02T17:12:19.347942Z,scrapes/20260402170008/7921449116.txt
7921614059,20260402230006,2026-04-02T23:00:06Z,22500,2015,Ford,Super Duty F-350 SRW,120934,black,automatic,diesel,True,Bridgeport,CT,,vertex,gemini-2.5-flash,2026-04-02T23:12:15.063380Z,scrapes/20260402230006/7921614059.txt
7921614123,20260403030006,2026-04-03T03:00:06Z,4500,2015,Nissan,Versa,120802,Amethyst Gray,automatic,gasoline,False,Bridgeport,CT,06606,vertex,gemini-2.5-flash,2026-04-03T03:12:14.250962Z,scrapes/20260403030006/7921614123.txt
7921614144,20260402170008,2026-04-02T17:00:08Z,13900,2017,Ford,Explorer,64208,silver,automatic,gasoline,True,Bridgeport,CT,06606,vertex,gemini-2.5-flash,2026-04-02T17:12:31.575165Z,scrapes/20260402170008/7921614144.txt
7921670912,20260404140008,2026-04-04T14:00:08Z,25000,2018,ford,e350 super duty cutaway,160000,white,automatic,gasoline,,Milford,CT,,vertex,gemini-2.5-flash,2026-04-04T14:12:13.426426Z,scrapes/20260404140008/7921670912.txt
7922019524,20260404140008,2026-04-04T14:00:08Z,1500,2006,ford,e-350 econoline,190000,,automatic,gasoline,False,Waterbury,CT,,vertex,gemini-2.5-flash,2026-04-04T14:12:33.557594Z,scrapes/20260404140008/7922019524.txt
7922044538,20260404190036,2026-04-04T19:00:36Z,8500,2014,chevrolet,silverado 1500,200526,white,automatic,gasoline,True,New Haven,CT,,vertex,gemini-2.5-flash,2026-04-04T19:12:13.059796Z,scrapes/20260404190036/7922044538.txt
7922382217,20260406000006,2026-04-06T00:00:06Z,9998,2012,Subaru,Outback,105094,blue,automatic,gasoline,True,East Granby,CT,06026,vertex,gemini-2.5-flash,2026-04-06T00:12:18.560753Z,scrapes/20260406000006/7922382217.txt
7922385577,20260405200012,2026-04-05T20:00:12Z,47500,2019,Mercedes-Benz,AMG GLE 43 Coupe Studio Edition,74648,black,automatic,gasoline,True,Wallingford,CT,,vertex,gemini-2.5-flash,2026-04-05T20:12:24.994245Z,scrapes/20260405200012/7922385577.txt
7922414018,20260406050006,2026-04-06T05:00:06Z,5500,2014,Ford,Focus,108456,blue,automatic,gasoline,,Branford,CT,,vertex,gemini-2.5-flash,2026-04-06T05:12:18.521351Z,scrapes/20260406050006/7922414018.txt
7922483301,20260406070023,2026-04-06T07:00:23Z,59500,1977,Pontiac,Trans Am,64877,black,manual,gasoline,,Bridgeport,CT,,vertex,gemini-2.5-flash,2026-04-06T07:12:24.999383Z,scrapes/20260406070023/7922483301.txt
7922501024,20260406100006,2026-04-06T10:00:06Z,44500,1940,Ford,Coupe Deluxe,,red,automatic,gasoline,False,Erieville,NY,,vertex,gemini-2.5-flash,2026-04-06T10:12:21.127499Z,scrapes/20260406100006/7922501024.txt
7922507737,20260406120036,2026-04-06T12:00:36Z,8900,2017,Hyundai,Elantra,105189,Scarlet Red,automatic,gasoline,,Bridgeport,CT,06606,vertex,gemini-2.5-flash,2026-04-06T12:12:21.472294Z,scrapes/20260406120036/7922507737.txt
7922507872,20260406120036,2026-04-06T12:00:36Z,14600,2014,Chevrolet,Silverado 1500,142168,gray,automatic,gasoline,True,Bridgeport,CT,,vertex,gemini-2.5-flash,2026-04-06T12:12:25.593999Z,scrapes/20260406120036/7922507872.txt
7922509088,20260406160040,2026-04-06T16:00:40Z,11950,2015,Honda,Pilot,92417,Alabaster Silver Metallic,automatic,gasoline,True,Bridgeport,CT,,vertex,gemini-2.5-flash,2026-04-06T16:17:41.144535Z,scrapes/20260406160040/7922509088.txt
7922764895,20260406140049,2026-04-06T14:00:49Z,3200,2006,saab,9-3 convertible,145000,grey,automatic,gasoline,,New Haven,CT,,vertex,gemini-2.5-flash,2026-04-06T14:12:45.030594Z,scrapes/20260406140049/7922764895.txt
7922955918,20260406090013,2026-04-06T09:00:13Z,3900,2000,Ford,Mustang Convertible,197000,black,manual,gasoline,,Branford,CT,,vertex,gemini-2.5-flash,2026-04-06T09:13:05.959383Z,scrapes/20260406090013/7922955918.txt
7923252224,20260406110008,2026-04-06T11:00:08Z,3300,2010,hyundia,elantra,133500,grey,automatic,gasoline,,Wallingford,CT,,vertex,gemini-2.5-flash,2026-04-06T11:13:20.364758Z,scrapes/20260406110008/7923252224.txt
7923277819,20260406130041,2026-04-06T13:00:41Z,7995,2008,Acura,RDX SH-AWD w/tech,131799,red,automatic,gasoline,True,West Haven,CT,06516,vertex,gemini-2.5-flash,2026-04-06T13:13:18.277522Z,scrapes/20260406130041/7923277819.txt
7923286252,20260405170029,2026-04-05T17:00:29Z,5500,2010,subaru,forester,150000,blue,automatic,gasoline,True,Derby,CT,,vertex,gemini-2.5-flash,2026-04-05T17:13:16.881228Z,scrapes/20260405170029/7923286252.txt
7923327561,20260406180013,2026-04-06T18:00:13Z,3288,2002,Dodge,Neon,150000,,automatic,gas,,Wallingford,CT,06492,vertex,gemini-2.5-flash,2026-04-06T18:18:25.968202Z,scrapes/20260406180013/7923327561.txt
7923329866,20260406200006,2026-04-06T20:00:06Z,3400,2011,Honda,Civic,56000,white,automatic,natural gas,,Oakville,CT,,vertex,gemini-2.5-flash,2026-04-06T20:13:17.663874Z,scrapes/20260406200006/7923329866.txt
7923453787,20260403120006,2026-04-03T12:00:06Z,31930,2019,Toyota,Tundra,59082,,automatic,gasoline,True,New Haven,CT,,vertex,gemini-2.5-flash,2026-04-03T12:13:34.402585Z,scrapes/20260403120006/7923453787.txt
7923455555,20260404020018,2026-04-04T02:00:18Z,5000,2021,TESLA,Model Y,61000,white,automatic,electric,True,North Haven,CT,,vertex,gemini-2.5-flash,2026-04-04T02:13:35.053771Z,scrapes/20260404020018/7923455555.txt
7923458871,20260403150012,2026-04-03T15:00:12Z,32930,2018,Lexus,LX 570,75788,,automatic,gasoline,True,New Haven,CT,,vertex,gemini-2.5-flash,2026-04-03T15:13:28.157244Z,scrapes/20260403150012/7923458871.txt
7923484982,20260406000006,2026-04-06T00:00:06Z,9000,2009,Toyota,Camry LE,70000,grey,automatic,gasoline,False,Wallingford,CT,,vertex,gemini-2.5-flash,2026-04-06T00:13:22.909321Z,scrapes/20260406000006/7923484982.txt
7923649180,20260406110008,2026-04-06T11:00:08Z,26500,2020,Ram,Promaster 2500,46500,silver,automatic,gasoline,,Southbury,CT,,vertex,gemini-2.5-flash,2026-04-06T11:13:35.902412Z,scrapes/20260406110008/7923649180.txt
7923661592,20260404090025,2026-04-04T09:00:25Z,2000,2020,honda,accord,20000,blue,automatic,gasoline,True,North Haven,CT,,vertex,gemini-2.5-flash,2026-04-04T09:13:20.681737Z,scrapes/20260404090025/7923661592.txt
7923756053,20260404170006,2026-04-04T17:00:06Z,9900,2013,Infiniti,EX35,89281,grey,automatic,gas,True,Branford,CT,,vertex,gemini-2.5-flash,2026-04-04T17:13:54.276616Z,scrapes/20260404170006/7923756053.txt
7923756382,20260404120006,2026-04-04T12:00:06Z,11900,2014,Honda,CR-V EX,130000,brown,automatic,gasoline,True,Branford,CT,,vertex,gemini-2.5-flash,2026-04-04T12:13:38.314401Z,scrapes/20260404120006/7923756382.txt
7923762274,20260404070013,2026-04-04T07:00:13Z,7900,2019,Hyundai,Elantra,121000,grey,automatic,gasoline,False,Branford,CT,,vertex,gemini-2.5-flash,2026-04-04T07:13:59.302337Z,scrapes/20260404070013/7923762274.txt
7923844048,20260406190006,2026-04-06T19:00:06Z,5000,2016,dodge,grand caravan sxt,180000,black,automatic,gasoline,False,Shelton,CT,,vertex,gemini-2.5-flash,2026-04-06T19:23:32.770189Z,scrapes/20260406190006/7923844048.txt
7923854316,20260406150039,2026-04-06T15:00:39Z,3500,2004,chevy,silverado 1500,188000,,automatic,gasoline,True,Piscataway,NJ,,vertex,gemini-2.5-flash,2026-04-06T15:13:46.518952Z,scrapes/20260406150039/7923854316.txt
7923863990,20260406090013,2026-04-06T09:00:13Z,7999,2012,Fiat,500,37851,blue,manual,gasoline,,Manchester,,,vertex,gemini-2.5-flash,2026-04-06T09:13:31.812190Z,scrapes/20260406090013/7923863990.txt
7923948525,20260406170029,2026-04-06T17:00:29Z,10800,2018,Ford,Edge,137100,Gray Magnetic Metallic,automatic,gasoline,True,Stamford,CT,06902,vertex,gemini-2.5-flash,2026-04-06T17:13:36.364469Z,scrapes/20260406170029/7923948525.txt
7923994935,20260402180006,2026-04-02T18:00:06Z,4700,2013,hyundai,elantra,130000,red,automatic,gasoline,,Branford,CT,,vertex,gemini-2.5-flash,2026-04-02T18:14:23.328228Z,scrapes/20260402180006/7923994935.txt
7924062352,20260406150039,2026-04-06T15:00:39Z,4800,2015,subaru,impreza,183000,silver,automatic,gasoline,True,Shelton,CT,,vertex,gemini-2.5-flash,2026-04-06T15:14:03.905129Z,scrapes/20260406150039/7924062352.txt
7924073272,20260406030019,2026-04-06T03:00:19Z,7485,2011,BMW,328i Xdrive Sedan,96000,Blue Water Metallic,automatic,gasoline,True,Branford,CT,,vertex,gemini-2.5-flash,2026-04-06T03:13:31.838017Z,scrapes/20260406030019/7924073272.txt
7924101678,20260402230006,2026-04-02T23:00:06Z,12000,2006,Hummer,H2,114800,yellow,automatic,gasoline,True,Milford,CT,,vertex,gemini-2.5-flash,2026-04-02T23:14:27.661100Z,scrapes/20260402230006/7924101678.txt
7924240885,20260406100006,2026-04-06T10:00:06Z,3500,2008,Mini,Cooper S,134000,,automatic,gasoline,False,Stratford,CT,,vertex,gemini-2.5-flash,2026-04-06T10:13:45.197003Z,scrapes/20260406100006/7924240885.txt
7924305807,20260406190006,2026-04-06T19:00:06Z,6000,1958,ford,pickup,100000,red,manual,gasoline,,Waterbury,CT,,vertex,gemini-2.5-flash,2026-04-06T19:24:30.485288Z,scrapes/20260406190006/7924305807.txt
7924375576,20260406200006,2026-04-06T20:00:06Z,7995,2012,Cadillac,CTS Premium,170000,blue,automatic,gasoline,True,Hamden,CT,,vertex,gemini-2.5-flash,2026-04-06T20:14:21.278920Z,scrapes/20260406200006/7924375576.txt
7924615716,20260406160040,2026-04-06T16:00:40Z,2500,2002,Mercedes,S430,200000,silver,automatic,gasoline,False,Hamden,CT,,vertex,gemini-2.5-flash,2026-04-06T16:23:04.274770Z,scrapes/20260406160040/7924615716.txt
7924660924,20260406200006,2026-04-06T20:00:06Z,9998,2016,Subaru,Crosstrek,147973,white,manual,gasoline,True,East Granby,CT,06026,vertex,gemini-2.5-flash,2026-04-06T20:14:25.828484Z,scrapes/20260406200006/7924660924.txt
7924666611,20260403020006,2026-04-03T02:00:06Z,17500,1988,Chevrolet,Caprice,69541,CREAM,automatic,gasoline,,Bridgeport,CT,06606,vertex,gemini-2.5-flash,2026-04-03T02:14:41.105503Z,scrapes/20260403020006/7924666611.txt
7924666859,20260402170008,2026-04-02T17:00:08Z,12990,2016,Honda,Pilot,120070,White Diamond Pearl,automatic,gasoline,True,Bridgeport,CT,06606,vertex,gemini-2.5-flash,2026-04-02T17:15:29.139914Z,scrapes/20260402170008/7924666859.txt
7924685016,20260406180013,2026-04-06T18:00:13Z,15900,1997,chevy,camaro z28,130000,black,automatic,gasoline,,New Haven,CT,,vertex,gemini-2.5-flash,2026-04-06T18:19:37.246119Z,scrapes/20260406180013/7924685016.txt
7924823963,20260402210007,2026-04-02T21:00:07Z,4650,2010,Toyota,Corolla LE,190341,red,automatic,gasoline,False,Branford,CT,,vertex,gemini-2.5-flash,2026-04-02T21:15:46.147003Z,scrapes/20260402210007/7924823963.txt
7921747776,20260404050006,2026-04-04T05:00:06Z,4500,1998,Mitsubishi,Montero,157000,,automatic,gas,,West Haven,CT,,vertex,gemini-2.5-flash,2026-04-04T05:12:17.698418Z,scrapes/20260404050006/7921747776.txt
7921970159,20260404150012,2026-04-04T15:00:12Z,39500,2020,Maserati,Quattroporte,39853,blue,automatic,gasoline,True,Old Saybrook,CT,,vertex,gemini-2.5-flash,2026-04-04T15:12:16.355178Z,scrapes/20260404150012/7921970159.txt
7922010428,20260404150012,2026-04-04T15:00:12Z,10000,2012,Ford,E-350 super duty,198600,black,automatic,gasoline,False,Shelton,CT,,vertex,gemini-2.5-flash,2026-04-04T15:12:21.303730Z,scrapes/20260404150012/7922010428.txt
7922045837,20260404190036,2026-04-04T19:00:36Z,4500,2008,honda,cr-v,166657,black,automatic,gasoline,True,New Haven,CT,,vertex,gemini-2.5-flash,2026-04-04T19:12:15.728433Z,scrapes/20260404190036/7922045837.txt
7922056251,20260404150012,2026-04-04T15:00:12Z,5999,2004,Chevy,Silverado 2500,200000,,automatic,gasoline,True,Bridgeport,CT,,vertex,gemini-2.5-flash,2026-04-04T15:12:24.534637Z,scrapes/20260404150012/7922056251.txt
7922324947,20260405120006,2026-04-05T12:00:06Z,3000,2009,CHEVROLET,COBALT,140000,,automatic,gas,,Wallingford,CT,06492,vertex,gemini-2.5-flash,2026-04-05T12:12:13.302234Z,scrapes/20260405120006/7922324947.txt
7922401745,20260406070023,2026-04-06T07:00:23Z,68993,2023,CHRYSLER,PACIFICA TOURING L,20228,Brilliant Blue,Automatic,Gasoline,False,Hudson,NH,03051,vertex,gemini-2.5-flash,2026-04-06T07:12:19.927504Z,scrapes/20260406070023/7922401745.txt
7922490891,20260406120036,2026-04-06T12:00:36Z,7000,1963,AMC,Rambler Classic,57290,yellow,manual,gasoline,,Guilford,CT,,vertex,gemini-2.5-flash,2026-04-06T12:12:17.142113Z,scrapes/20260406120036/7922490891.txt
7922507203,20260406100006,2026-04-06T10:00:06Z,12900,2013,Ford,Econoline Cargo Van E-250,108356,Oxford White,automatic,gasoline,False,Bridgeport,CT,,vertex,gemini-2.5-flash,2026-04-06T10:12:25.693929Z,scrapes/20260406100006/7922507203.txt
7922507642,20260406080027,2026-04-06T08:00:27Z,8800,2015,Kia,Optima,116669,Bright Silver,automatic,gas,,Bridgeport,CT,,vertex,gemini-2.5-flash,2026-04-06T08:12:24.186870Z,scrapes/20260406080027/7922507642.txt
7922539723,20260406190006,2026-04-06T19:00:06Z,,2002,Dodge,Neon,150000,,automatic,gasoline,,Wallingford,CT,,vertex,gemini-2.5-flash,2026-04-06T19:12:28.303421Z,scrapes/20260406190006/7922539723.txt
7922588436,20260406200006,2026-04-06T20:00:06Z,13900,2016,toyota,rav4 hybrid limited,141229,black,automatic,hybrid,True,Meriden,CT,06450,vertex,gemini-2.5-flash,2026-04-06T20:12:32.739713Z,scrapes/20260406200006/7922588436.txt
7922800852,20260404040026,2026-04-04T04:00:26Z,11800,2018,Subaru,Outback,117800,red,automatic,gasoline,True,Branford,CT,,vertex,gemini-2.5-flash,2026-04-04T04:12:59.933401Z,scrapes/20260404040026/7922800852.txt
7922811843,20260406130041,2026-04-06T13:00:41Z,2999,2011,Chevy,Malibu,165000,silver,automatic,gasoline,False,Stratford,CT,,vertex,gemini-2.5-flash,2026-04-06T13:12:51.839462Z,scrapes/20260406130041/7922811843.txt
7922939454,20260406200006,2026-04-06T20:00:06Z,88993,2024,RAM,PROMASTER 2500,25,white,automatic,gasoline,False,Nashua,NH,,vertex,gemini-2.5-flash,2026-04-06T20:12:48.387567Z,scrapes/20260406200006/7922939454.txt
7923627347,20260406200006,2026-04-06T20:00:06Z,20000,2023,volkswagen,tiguan,22500,grey,automatic,gasoline,,New Milford,CT,,vertex,gemini-2.5-flash,2026-04-06T20:13:28.193428Z,scrapes/20260406200006/7923627347.txt
7923661334,20260405070026,2026-04-05T07:00:26Z,5000,2021,tesla,Model Y,61000,white,automatic,electric,True,North Haven,CT,,vertex,gemini-2.5-flash,2026-04-05T07:13:23.342608Z,scrapes/20260405070026/7923661334.txt
7923661595,20260404090025,2026-04-04T09:00:25Z,,2018,Acura,TLX a-spec,30000,red,automatic,gasoline,True,North Haven,CT,,vertex,gemini-2.5-flash,2026-04-04T09:13:23.225522Z,scrapes/20260404090025/7923661595.txt
7923661642,20260404170006,2026-04-04T17:00:06Z,,2016,chevy,silverado 1500,90000,blue,automatic,gasoline,True,North Haven,CT,,vertex,gemini-2.5-flash,2026-04-04T17:13:44.375824Z,scrapes/20260404170006/7923661642.txt
7923845755,20260406160040,2026-04-06T16:00:40Z,4200,2014,VW,JETTA SE,173000,grey,automatic,gasoline,,Shelton,CT,,vertex,gemini-2.5-flash,2026-04-06T16:20:29.064231Z,scrapes/20260406160040/7923845755.txt
7923846364,20260406200006,2026-04-06T20:00:06Z,8000,2014,jeep,wrangler sport,163000,silver,manual,gasoline,True,Shelton,CT,,vertex,gemini-2.5-flash,2026-04-06T20:13:37.243777Z,scrapes/20260406200006/7923846364.txt
7923932390,20260406130041,2026-04-06T13:00:41Z,3750,2011,subaru,outback 2.5i premium,190000,grey,automatic,gasoline,True,Wallingford,CT,,vertex,gemini-2.5-flash,2026-04-06T13:13:43.802219Z,scrapes/20260406130041/7923932390.txt
7924005476,20260406200006,2026-04-06T20:00:06Z,3288,2002,Dodge,Neon,150000,,automatic,gasoline,,Wallingford,CT,,vertex,gemini-2.5-flash,2026-04-06T20:13:47.507404Z,scrapes/20260406200006/7924005476.txt
7924062938,20260406170029,2026-04-06T17:00:29Z,8500,2008,Chevy,Suburban LT 1500,242000,black,automatic,gasoline,True,Orange,CT,,vertex,gemini-2.5-flash,2026-04-06T17:13:38.886063Z,scrapes/20260406170029/7924062938.txt
7924429383,20260402180006,2026-04-02T18:00:06Z,5900,2015,volkswagen,jetta,120000,silver,automatic,gasoline,,Branford,CT,,vertex,gemini-2.5-flash,2026-04-02T18:14:37.851233Z,scrapes/20260402180006/7924429383.txt
7924429423,20260403090015,2026-04-03T09:00:15Z,4700,2013,HYUNDAI,ELANTRA,130000,red,automatic,gasoline,,Branford,CT,,vertex,gemini-2.5-flash,2026-04-03T09:14:41.793277Z,scrapes/20260403090015/7924429423.txt
7924444719,20260406190006,2026-04-06T19:00:06Z,8998,2012,Subaru,Outback,130671,Red,automatic,gasoline,True,East Granby,CT,06026,vertex,gemini-2.5-flash,2026-04-06T19:24:44.216882Z,scrapes/20260406190006/7924444719.txt
7924587620,20260402210007,2026-04-02T21:00:07Z,1800,2006,honda,accord,233000,grey,automatic,gasoline,,New Haven,CT,,vertex,gemini-2.5-flash,2026-04-02T21:15:20.056585Z,scrapes/20260402210007/7924587620.txt
7924666699,20260403000059,2026-04-03T00:00:59Z,14850,2018,INFINITI,Q50,139096,white,automatic,gasoline,True,Bridgeport,CT,06606,vertex,gemini-2.5-flash,2026-04-03T00:15:06.089709Z,scrapes/20260403000059/7924666699.txt
7924666831,20260403000059,2026-04-03T00:00:59Z,9900,2015,Mercedes-Benz,GLK-Class,123897,Mars Red,automatic,gasoline,False,Bridgeport,CT,06606,vertex,gemini-2.5-flash,2026-04-03T00:15:14.446307Z,scrapes/20260403000059/7924666831.txt
7924666941,20260402230006,2026-04-02T23:00:06Z,14900,2020,Nissan,Rogue,82675,Caspian Blue Metallic,automatic,gasoline,True,Bridgeport,CT,06606,vertex,gemini-2.5-flash,2026-04-02T23:14:59.356784Z,scrapes/20260402230006/7924666941.txt
7924666965,20260406060012,2026-04-06T06:00:12Z,59000,1969,Chevrolet,Camaro,4664,Blue,Automatic,gasoline,,Bridgeport,CT,06606,vertex,gemini-2.5-flash,2026-04-06T06:13:55.013560Z,scrapes/20260406060012/7924666965.txt
7924781477,20260402180006,2026-04-02T18:00:06Z,5500,2015,GMC,TERRAIN SLE-2,140000,silver,automatic,gasoline,True,Shelton,CT,,vertex,gemini-2.5-flash,2026-04-02T18:15:18.588822Z,scrapes/20260402180006/7924781477.txt
7924831703,20260406180013,2026-04-06T18:00:13Z,6485,2009,Toyota,Prius Hybrid Hatchback,127000,Graphite Grey,automatic,hybrid,False,Branford,CT,,vertex,gemini-2.5-flash,2026-04-06T18:19:44.803142Z,scrapes/20260406180013/7924831703.txt
7925003013,20260406170029,2026-04-06T17:00:29Z,85000,1950,Jaguar,MK V Drophead coupe,51000,red,manual,gasoline,False,Shelton,CT,,vertex,gemini-2.5-flash,2026-04-06T17:26:02.933068Z,scrapes/20260406170029/7925003013.txt
7925084301,20260406180013,2026-04-06T18:00:13Z,44995,2013,ford,e-450,164000,,automatic,gasoline,,New Haven,CT,,vertex,gemini-2.5-flash,2026-04-06T18:19:50.712074Z,scrapes/20260406180013/7925084301.txt
7925112720,20260406180013,2026-04-06T18:00:13Z,14000,2001,BMW,Z3 Roadster,79700,silver,automatic,gasoline,,Deep River,CT,,vertex,gemini-2.5-flash,2026-04-06T18:19:52.985930Z,scrapes/20260406180013/7925112720.txt
7921457439,20260403020006,2026-04-03T02:00:06Z,10250,2020,Nissan,Pathfinder S,111432,black,automatic,gasoline,True,North Branford,CT,,vertex,gemini-2.5-flash,2026-04-03T02:12:14.262310Z,scrapes/20260403020006/7921457439.txt
7921873546,20260404140008,2026-04-04T14:00:08Z,5000,2003,jeep,liberty sport,48000,,automatic,gasoline,True,Derby,CT,,vertex,gemini-2.5-flash,2026-04-04T14:12:23.918872Z,scrapes/20260404140008/7921873546.txt
7921880180,20260403060022,2026-04-03T06:00:22Z,3288,2007,ford,focus,185000,,automatic,gasoline,False,Wallingford,CT,,vertex,gemini-2.5-flash,2026-04-03T06:12:32.823698Z,scrapes/20260403060022/7921880180.txt
7922107506,20260404170006,2026-04-04T17:00:06Z,3488,2002,Dodge,Neon,150000,,automatic,gas,,Wallingford,CT,06492,vertex,gemini-2.5-flash,2026-04-04T17:12:33.973854Z,scrapes/20260404170006/7922107506.txt
7922266631,20260405080024,2026-04-05T08:00:24Z,6200,2011,acura,mdx,125000,white,automatic,gasoline,,North Haven,CT,,vertex,gemini-2.5-flash,2026-04-05T08:12:16.037540Z,scrapes/20260405080024/7922266631.txt
7922320344,20260405200012,2026-04-05T20:00:12Z,5000,1985,ford,transit cargo van,15000,black,automatic,gasoline,False,Waterbury,CT,,vertex,gemini-2.5-flash,2026-04-05T20:12:16.630380Z,scrapes/20260405200012/7922320344.txt
7922409847,20260406100006,2026-04-06T10:00:06Z,6200,2013,Volkswagen,Tiguan,108000,black,automatic,gasoline,True,Branford,CT,,vertex,gemini-2.5-flash,2026-04-06T10:12:14.037137Z,scrapes/20260406100006/7922409847.txt
7922507523,20260406100006,2026-04-06T10:00:06Z,13800,2019,Audi,A4,71241,black,automatic,gasoline,,Bridgeport,CT,,vertex,gemini-2.5-flash,2026-04-06T10:12:28.329096Z,scrapes/20260406100006/7922507523.txt
7922589046,20260406180013,2026-04-06T18:00:13Z,8500,2012,toyota,camry le sedan,160899,red,automatic,gasoline,False,Meriden,CT,06450,vertex,gemini-2.5-flash,2026-04-06T18:14:35.193684Z,scrapes/20260406180013/7922589046.txt
7922714644,20260406180013,2026-04-06T18:00:13Z,7500,2007,Chevy,Box Truck,66000,white,automatic,gasoline,,Waterbury,CT,,vertex,gemini-2.5-flash,2026-04-06T18:14:38.200165Z,scrapes/20260406180013/7922714644.txt
7922723740,20260406200006,2026-04-06T20:00:06Z,29920,2018,Ford,F-150 Roush Raptor,71621,,automatic,gasoline,False,New Haven,CT,,vertex,gemini-2.5-flash,2026-04-06T20:12:42.568785Z,scrapes/20260406200006/7922723740.txt
7922725779,20260406190006,2026-04-06T19:00:06Z,3288,2002,Dodge,Neon,150000,,automatic,gasoline,,Wallingford,CT,,vertex,gemini-2.5-flash,2026-04-06T19:12:32.245859Z,scrapes/20260406190006/7922725779.txt
7922732721,20260406130041,2026-04-06T13:00:41Z,3995,2012,chevrolet,malibu,132567,silver,automatic,gasoline,False,Waterbury,CT,,vertex,gemini-2.5-flash,2026-04-06T13:12:49.542917Z,scrapes/20260406130041/7922732721.txt
7922813137,20260406150039,2026-04-06T15:00:39Z,5999,2009,Honda,accord,120000,grey,automatic,gasoline,False,Stratford,CT,,vertex,gemini-2.5-flash,2026-04-06T15:12:41.116408Z,scrapes/20260406150039/7922813137.txt
7923062721,20260406200006,2026-04-06T20:00:06Z,7999,2013,Honda,Civic,112885,blue,automatic,gas,False,Manchester,NH,,vertex,gemini-2.5-flash,2026-04-06T20:13:03.364970Z,scrapes/20260406200006/7923062721.txt
7923178106,20260406190006,2026-04-06T19:00:06Z,3900,2013,Subaru,Impreza,150000,,automatic,gasoline,True,West Hartford,,,vertex,gemini-2.5-flash,2026-04-06T19:13:09.963926Z,scrapes/20260406190006/7923178106.txt
7923189849,20260406180013,2026-04-06T18:00:13Z,9000,2015,Honda,Civic,74500,black,automatic,gasoline,,Southington,CT,,vertex,gemini-2.5-flash,2026-04-06T18:18:00.995279Z,scrapes/20260406180013/7923189849.txt
7923204921,20260406200006,2026-04-06T20:00:06Z,6500,1978,Volvo,262C Bertone,100000,Porsche Polar Silver,manual,gasoline,,New Haven,CT,,vertex,gemini-2.5-flash,2026-04-06T20:13:07.861061Z,scrapes/20260406200006/7923204921.txt
7923278051,20260406190006,2026-04-06T19:00:06Z,6488,2014,Nissan,Altima 2.5 SV,117455,white,automatic,gasoline,False,West Haven,CT,06516,vertex,gemini-2.5-flash,2026-04-06T19:13:24.649589Z,scrapes/20260406190006/7923278051.txt
7923288138,20260405140022,2026-04-05T14:00:22Z,6500,2013,hyundai,santa fe,180000,white,automatic,gasoline,True,Derby,CT,,vertex,gemini-2.5-flash,2026-04-05T14:13:52.067663Z,scrapes/20260405140022/7923288138.txt
7923457320,20260406200006,2026-04-06T20:00:06Z,14950,2013,Lexus,ES350,79000,grey,automatic,gasoline,,Branford,CT,,vertex,gemini-2.5-flash,2026-04-06T20:13:23.595109Z,scrapes/20260406200006/7923457320.txt
7923474424,20260404070013,2026-04-04T07:00:13Z,2000,2016,chevy,silverado 1500,90000,blue,automatic,gasoline,True,NORTH HAVEN,CT,,vertex,gemini-2.5-flash,2026-04-04T07:13:25.983115Z,scrapes/20260404070013/7923474424.txt
7923722098,20260406030019,2026-04-06T03:00:19Z,28900,2015,Chrysler,Town & Country,51345,White,Automatic,Gasoline,False,Dallas,GA,,vertex,gemini-2.5-flash,2026-04-06T03:13:15.750732Z,scrapes/20260406030019/7923722098.txt
7923755764,20260404130035,2026-04-04T13:00:35Z,6900,2014,Hyundai,Sonata,118290,white,automatic,gasoline,,Branford,CT,,vertex,gemini-2.5-flash,2026-04-04T13:13:40.252417Z,scrapes/20260404130035/7923755764.txt
7923838233,20260406200006,2026-04-06T20:00:06Z,9998,2015,Subaru,Outback,174302,Blue,CVT,gasoline,True,East Granby,CT,06026,vertex,gemini-2.5-flash,2026-04-06T20:13:33.340997Z,scrapes/20260406200006/7923838233.txt
7923911742,20260405140022,2026-04-05T14:00:22Z,3500,2000,Ford,Ranger,104000,black,automatic,gasoline,True,New Haven,CT,,vertex,gemini-2.5-flash,2026-04-05T14:14:09.195413Z,scrapes/20260405140022/7923911742.txt
7923916683,20260406110008,2026-04-06T11:00:08Z,1600,2016,Audi,A3,161000,white,automatic,gasoline,,New Haven,CT,,vertex,gemini-2.5-flash,2026-04-06T11:13:48.548597Z,scrapes/20260406110008/7923916683.txt
7923924102,20260403180050,2026-04-03T18:00:50Z,,2022,Acura,TLX a-spec,24000,red,automatic,gasoline,True,North Haven,CT,,vertex,gemini-2.5-flash,2026-04-03T18:14:32.391648Z,scrapes/20260403180050/7923924102.txt
7923948552,20260406190006,2026-04-06T19:00:06Z,6800,2013,Hyundai,Elantra,114100,Gray Harbor Gray Metallic,automatic,gas,,Stamford,CT,06902,vertex,gemini-2.5-flash,2026-04-06T19:24:24.154732Z,scrapes/20260406190006/7923948552.txt
7924080975,20260403150012,2026-04-03T15:00:12Z,32920,2018,Lexus,LX 570,75788,,automatic,gasoline,,New Haven,CT,,vertex,gemini-2.5-flash,2026-04-03T15:14:42.402001Z,scrapes/20260403150012/7924080975.txt
7924224802,20260406120036,2026-04-06T12:00:36Z,5495,2013,Chevy,Cruze,85000,tan,automatic,gasoline,,Milford,CT,,vertex,gemini-2.5-flash,2026-04-06T12:13:15.360407Z,scrapes/20260406120036/7924224802.txt
7924303723,20260406140049,2026-04-06T14:00:49Z,29955,2018,Ford,F-150,71621,,automatic,gasoline,,New Haven,CT,,vertex,gemini-2.5-flash,2026-04-06T14:14:18.230466Z,scrapes/20260406140049/7924303723.txt
7924386182,20260406190006,2026-04-06T19:00:06Z,13800,2012,TOYOTA,CAMRY SE,93250,red,automatic,gasoline,,Waterbury,CT,,vertex,gemini-2.5-flash,2026-04-06T19:24:39.625039Z,scrapes/20260406190006/7924386182.txt
7924437904,20260406170029,2026-04-06T17:00:29Z,6885,2013,Infiniti,JX35,139000,silver,automatic,gasoline,True,Branford,CT,,vertex,gemini-2.5-flash,2026-04-06T17:13:47.960500Z,scrapes/20260406170029/7924437904.txt
7924685126,20260403040006,2026-04-03T04:00:06Z,7800,2012,ACURA,MDX SPORT,166000,,automatic,gasoline,True,Fairfield,CT,,vertex,gemini-2.5-flash,2026-04-03T04:15:19.547262Z,scrapes/20260403040006/7924685126.txt
7924825235,20260406180013,2026-04-06T18:00:13Z,5995,2012,Honda,Civic LX,159543,red,automatic,gasoline,,Branford,CT,,vertex,gemini-2.5-flash,2026-04-06T18:19:40.370873Z,scrapes/20260406180013/7924825235.txt
7924892871,20260406200006,2026-04-06T20:00:06Z,7500,2011,Toyota,Tundra,190000,,automatic,gasoline,True,Wallingford,CT,,vertex,gemini-2.5-flash,2026-04-06T20:14:48.650830Z,scrapes/20260406200006/7924892871.txt
7924922065,20260406160040,2026-04-06T16:00:40Z,7500,1987,Ford,F150,79000,red,manual,gasoline,True,North Branford,CT,,vertex,gemini-2.5-flash,2026-04-06T16:23:15.013176Z,scrapes/20260406160040/7924922065.txt
7921820814,20260404170006,2026-04-04T17:00:06Z,59000,2019,Ford,F450 Super Duty,131000,black,automatic,diesel,True,Fairfield,CT,,vertex,gemini-2.5-flash,2026-04-04T17:12:15.759742Z,scrapes/20260404170006/7921820814.txt
7922420256,20260406110008,2026-04-06T11:00:08Z,2600,1998,Toyota,Camry,168000,,automatic,gasoline,,Berlin,CT,,vertex,gemini-2.5-flash,2026-04-06T11:12:19.133660Z,scrapes/20260406110008/7922420256.txt
7922501656,20260403130012,2026-04-03T13:00:12Z,7300,2010,HONDA,CR-V LX,149000,,automatic,gasoline,True,Fairfield,CT,,vertex,gemini-2.5-flash,2026-04-03T13:12:43.868477Z,scrapes/20260403130012/7922501656.txt
7922507293,20260406060012,2026-04-06T06:00:12Z,9700,2011,Ram,Dakota,129550,Brilliant Black Crystal Pearl,automatic,gasoline,True,Bridgeport,CT,06606,vertex,gemini-2.5-flash,2026-04-06T06:12:22.471492Z,scrapes/20260406060012/7922507293.txt
7922507463,20260406110008,2026-04-06T11:00:08Z,20900,2014,Mercedes-Benz,S-Class,82595,gray,automatic,gasoline,True,Bridgeport,CT,06606,vertex,gemini-2.5-flash,2026-04-06T11:12:22.851031Z,scrapes/20260406110008/7922507463.txt
7923202182,20260406130041,2026-04-06T13:00:41Z,6000,1986,Chevy,El Camino,1234567,maroon and silver,automatic,gasoline,,Middlebury,CT,,vertex,gemini-2.5-flash,2026-04-06T13:13:09.675265Z,scrapes/20260406130041/7923202182.txt
7923269623,20260406140049,2026-04-06T14:00:49Z,14800,2016,BMW,5 Series,100300,Black,automatic,gas,True,Stamford,CT,06902,vertex,gemini-2.5-flash,2026-04-06T14:13:23.418271Z,scrapes/20260406140049/7923269623.txt
7923456476,20260406040050,2026-04-06T04:00:50Z,3995,2012,Kia,Rio,95000,red,automatic,gasoline,,Branford,CT,,vertex,gemini-2.5-flash,2026-04-06T04:13:07.945692Z,scrapes/20260406040050/7923456476.txt
7923525504,20260406170029,2026-04-06T17:00:29Z,5000,2012,nissan,altima 2.5 sl,140000,black,automatic,gasoline,,Derby,CT,,vertex,gemini-2.5-flash,2026-04-06T17:13:07.471311Z,scrapes/20260406170029/7923525504.txt
7923573368,20260406170029,2026-04-06T17:00:29Z,9500,2013,Nissan,Altima,103000,white,automatic,gasoline,,Stratford,CT,,vertex,gemini-2.5-flash,2026-04-06T17:13:10.326287Z,scrapes/20260406170029/7923573368.txt
7923755600,20260404110005,2026-04-04T11:00:05Z,5900,2016,Ford,Fiesta S,88133,white,automatic,gasoline,False,Branford,CT,,vertex,gemini-2.5-flash,2026-04-04T11:13:21.167013Z,scrapes/20260404110005/7923755600.txt
7923757298,20260406150039,2026-04-06T15:00:39Z,1000,2012,Nissan,Altima,267000,,automatic,gasoline,,Stratford,CT,,vertex,gemini-2.5-flash,2026-04-06T15:13:34.215386Z,scrapes/20260406150039/7923757298.txt
7923838194,20260406150039,2026-04-06T15:00:39Z,13998,2018,Subaru,Outback,136170,blue,automatic,gasoline,True,East Granby,CT,06026,vertex,gemini-2.5-flash,2026-04-06T15:13:38.827512Z,scrapes/20260406150039/7923838194.txt
7923855738,20260406170029,2026-04-06T17:00:29Z,3800,2008,Acura,TL,144000,grey,,gasoline,False,Bridgeport,CT,,vertex,gemini-2.5-flash,2026-04-06T17:13:31.885186Z,scrapes/20260406170029/7923855738.txt
7923914038,20260406110008,2026-04-06T11:00:08Z,5500,1997,Ford,F-250,131000,blue,automatic,gasoline,True,New Haven,CT,,vertex,gemini-2.5-flash,2026-04-06T11:13:45.623944Z,scrapes/20260406110008/7923914038.txt
7924159050,20260406140049,2026-04-06T14:00:49Z,5000,1967,Ford,Mustang,,red,manual,gasoline,,Naugatuck,CT,,vertex,gemini-2.5-flash,2026-04-06T14:14:06.688143Z,scrapes/20260406140049/7924159050.txt
7924202834,20260406160040,2026-04-06T16:00:40Z,3288,2002,Dodge,Neon,150000,,automatic,gasoline,False,Wallingford,CT,,vertex,gemini-2.5-flash,2026-04-06T16:21:45.912533Z,scrapes/20260406160040/7924202834.txt
7924224692,20260406200006,2026-04-06T20:00:06Z,4950,2013,Chevy,Equinox,138000,white,automatic,gasoline,True,Milford,CT,,vertex,gemini-2.5-flash,2026-04-06T20:14:03.547873Z,scrapes/20260406200006/7924224692.txt
7924340657,20260406200006,2026-04-06T20:00:06Z,6900,2015,subaru,legacy,175019,black,automatic,gasoline,True,Meriden,CT,06450,vertex,gemini-2.5-flash,2026-04-06T20:14:16.998970Z,scrapes/20260406200006/7924340657.txt
7924494256,20260406180013,2026-04-06T18:00:13Z,2995,2007,Chevrolet,Impala LT,136320,brown,automatic,gasoline,False,Shelton,CT,,vertex,gemini-2.5-flash,2026-04-06T18:19:15.872787Z,scrapes/20260406180013/7924494256.txt
7924591429,20260406180013,2026-04-06T18:00:13Z,25993,2005,CHEVROLET,EXPRESS 1500,66167,BEIGE,automatic,gasoline,True,Hudson,NH,03051,vertex,gemini-2.5-flash,2026-04-06T18:19:20.235680Z,scrapes/20260406180013/7924591429.txt
7924599111,20260406020011,2026-04-06T02:00:11Z,10399,2002,Ford,Ranger Xlt,131000,grey,automatic,gasoline,True,Trumbull,CT,,vertex,gemini-2.5-flash,2026-04-06T02:13:52.234093Z,scrapes/20260406020011/7924599111.txt
7924601339,20260406180013,2026-04-06T18:00:13Z,3288,2002,Dodge,Neon,150000,,automatic,gasoline,False,Wallingford,CT,,vertex,gemini-2.5-flash,2026-04-06T18:19:26.892739Z,scrapes/20260406180013/7924601339.txt
7924666714,20260402230006,2026-04-02T23:00:06Z,15500,2018,BMW,X2,79633,black,automatic,gasoline,True,Bridgeport,CT,,vertex,gemini-2.5-flash,2026-04-02T23:14:51.514704Z,scrapes/20260402230006/7924666714.txt
7925022585,20260406190006,2026-04-06T19:00:06Z,3900,2007,Saturn,Vue,165000,red,automatic,gasoline,False,Southbury,CT,,vertex,gemini-2.5-flash,2026-04-06T19:24:56.743650Z,scrapes/20260406190006/7925022585.txt
7925043371,20260406190006,2026-04-06T19:00:06Z,5000,2012,chevy,equinox lt,160000,black,automatic,gasoline,True,Derby,CT,,vertex,gemini-2.5-flash,2026-04-06T19:24:59.678778Z,scrapes/20260406190006/7925043371.txt
7921614429,20260403040006,2026-04-03T04:00:06Z,7750,2015,Volkswagen,Passat,116694,Night Blue Metallic,automatic,gasoline,,Bridgeport,CT,,vertex,gemini-2.5-flash,2026-04-03T04:12:14.536228Z,scrapes/20260403040006/7921614429.txt
7921640793,20260404030006,2026-04-04T03:00:06Z,18000,2012,Mercedes-Benz,S-class S550,68000,black,automatic,gasoline,,Madison,CT,,vertex,gemini-2.5-flash,2026-04-04T03:12:14.943888Z,scrapes/20260404030006/7921640793.txt
7921740355,20260404070013,2026-04-04T07:00:13Z,9998,2015,Subaru,Forester,131732,black,automatic,gasoline,True,East Granby,CT,06026,vertex,gemini-2.5-flash,2026-04-04T07:12:25.963493Z,scrapes/20260404070013/7921740355.txt
7922267738,20260405130006,2026-04-05T13:00:06Z,9500,2007,freightliner,m2,235000,white,automatic,diesel,,Fair Lawn,NJ,,vertex,gemini-2.5-flash,2026-04-05T13:12:15.291722Z,scrapes/20260405130006/7922267738.txt
7922588869,20260406170029,2026-04-06T17:00:29Z,6900,2018,subaru,crosstrek,188779,Crystal Black Silica,automatic,gasoline,True,Meriden,CT,06450,vertex,gemini-2.5-flash,2026-04-06T17:12:37.852126Z,scrapes/20260406170029/7922588869.txt
7922590371,20260406150039,2026-04-06T15:00:39Z,9900,2013,Mercedes-Benz,E350 4MATIC Wagon,148609,black,automatic,gasoline,True,Meriden,CT,,vertex,gemini-2.5-flash,2026-04-06T15:12:32.947865Z,scrapes/20260406150039/7922590371.txt
7922927030,20260406190006,2026-04-06T19:00:06Z,7999,2008,Chevrolet,Silverado 1500,167190,blue,automatic,gasoline,False,Milford,CT,06460,vertex,gemini-2.5-flash,2026-04-06T19:12:48.031904Z,scrapes/20260406190006/7922927030.txt
7922970700,20260406160040,2026-04-06T16:00:40Z,,2011,Jeep,Grand Cherokee Overland,135168,black,automatic,gasoline,True,West Haven,CT,06516,vertex,gemini-2.5-flash,2026-04-06T16:19:37.226142Z,scrapes/20260406160040/7922970700.txt
7923121216,20260406160040,2026-04-06T16:00:40Z,3288,2002,Dodge,Neon,150000,,automatic,gas,,Wallingford,CT,,vertex,gemini-2.5-flash,2026-04-06T16:19:43.828569Z,scrapes/20260406160040/7923121216.txt
7923269547,20260406160040,2026-04-06T16:00:40Z,6800,2015,Volkswagen,Jetta Sedan,141800,Red Tornado Red,automatic,gas,False,Stamford,CT,06902,vertex,gemini-2.5-flash,2026-04-06T16:19:50.926184Z,scrapes/20260406160040/7923269547.txt
7923269589,20260406190006,2026-04-06T19:00:06Z,13800,2015,Cadillac,ATS Sedan,80600,Tan Silver Coast Metallic,automatic,gasoline,True,Stamford,CT,06902,vertex,gemini-2.5-flash,2026-04-06T19:13:18.559181Z,scrapes/20260406190006/7923269589.txt
7923559798,20260406180013,2026-04-06T18:00:13Z,3288,2002,Dodge,Neon,150000,,automatic,gasoline,False,Wallingford,CT,06492,vertex,gemini-2.5-flash,2026-04-06T18:18:37.437959Z,scrapes/20260406180013/7923559798.txt
7923650746,20260406160040,2026-04-06T16:00:40Z,3300,2011,Chevy,express 2500,200000,,manual,gasoline,False,Southbury,CT,,vertex,gemini-2.5-flash,2026-04-06T16:19:57.426365Z,scrapes/20260406160040/7923650746.txt
7923896699,20260406180013,2026-04-06T18:00:13Z,6750,2006,chevy,impala SS,111000,black,automatic,gasoline,False,Milford,CT,,vertex,gemini-2.5-flash,2026-04-06T18:18:43.781894Z,scrapes/20260406180013/7923896699.txt
7924057907,20260406160040,2026-04-06T16:00:40Z,139500,2025,Ford,Transit AWD,87,,automatic,gasoline,True,Lake Crystal,MN,,vertex,gemini-2.5-flash,2026-04-06T16:21:37.068557Z,scrapes/20260406160040/7924057907.txt
7924074050,20260406200006,2026-04-06T20:00:06Z,12900,2015,toyota,sienna,159707,red,automatic,gasoline,False,Meriden,CT,,vertex,gemini-2.5-flash,2026-04-06T20:13:59.454618Z,scrapes/20260406200006/7924074050.txt
7924338874,20260406190006,2026-04-06T19:00:06Z,3500,2012,Honda,Civic LX,136000,brown,automatic,gasoline,False,Killingworth,CT,,vertex,gemini-2.5-flash,2026-04-06T19:24:33.212833Z,scrapes/20260406190006/7924338874.txt
7924663819,20260406170029,2026-04-06T17:00:29Z,3700,2013,Hyundai,Sonata,220000,blue,automatic,gasoline,,New Haven,CT,,vertex,gemini-2.5-flash,2026-04-06T17:13:54.916799Z,scrapes/20260406170029/7924663819.txt
7924666596,20260403000059,2026-04-03T00:00:59Z,15990,2018,GMC,Yukon XL,153518,Summit White,automatic,gasoline,True,Bridgeport,CT,,vertex,gemini-2.5-flash,2026-04-03T00:14:56.100767Z,scrapes/20260403000059/7924666596.txt
7924666730,20260406020011,2026-04-06T02:00:11Z,16750,2023,Hyundai,Elantra,108905,Ecotronic Gray,automatic,gasoline,False,Bridgeport,CT,06606,vertex,gemini-2.5-flash,2026-04-06T02:14:05.245204Z,scrapes/20260406020011/7924666730.txt
7924810376,20260406130041,2026-04-06T13:00:41Z,12000,2016,Mercedes-Benz,Sprinter 3500,200489,white,automatic,diesel,,Hamden,CT,,vertex,gemini-2.5-flash,2026-04-06T13:14:53.910310Z,scrapes/20260406130041/7924810376.txt
7925231411,20260406190006,2026-04-06T19:00:06Z,5000,2001,Chevrolet,Silverado 2500 HD,246000,black,automatic,diesel,True,North Haven,CT,,vertex,gemini-2.5-flash,2026-04-06T19:25:08.217238Z,scrapes/20260406190006/7925231411.txt
7921613873,20260402220026,2026-04-02T22:00:26Z,4700,2014,volkswagen,jetta,158000,blue,other,gasoline,False,Middlebury,CT,,vertex,gemini-2.5-flash,2026-04-02T22:12:15.514185Z,scrapes/20260402220026/7921613873.txt
7921688351,20260404130035,2026-04-04T13:00:35Z,,2002,Dodge,Neon,150000,,automatic,gasoline,,Wallingford,CT,06492,vertex,gemini-2.5-flash,2026-04-04T13:12:17.978910Z,scrapes/20260404130035/7921688351.txt
7921732963,20260404080016,2026-04-04T08:00:16Z,1000,1965,ford,thunderbird,64000,silver,automatic,gasoline,,Waterbury,CT,,vertex,gemini-2.5-flash,2026-04-04T08:12:19.094596Z,scrapes/20260404080016/7921732963.txt
7921847519,20260404150012,2026-04-04T15:00:12Z,1600,2012,Chrysler,Town & Country,166000,custom,automatic,gasoline,False,Bridgeport,CT,,vertex,gemini-2.5-flash,2026-04-04T15:12:13.272640Z,scrapes/20260404150012/7921847519.txt
7922279684,20260405100016,2026-04-05T10:00:16Z,4900,2015,nissan,rogue s,133000,black,automatic,gasoline,True,Shelton,CT,,vertex,gemini-2.5-flash,2026-04-05T10:12:21.225387Z,scrapes/20260405100016/7922279684.txt
7922387295,20260405230006,2026-04-05T23:00:06Z,17000,2019,Audi,A6 Premium Plus,42250,black,automatic,gasoline,,New Milford,CT,,vertex,gemini-2.5-flash,2026-04-05T23:12:12.860719Z,scrapes/20260405230006/7922387295.txt
7922394675,20260406080027,2026-04-06T08:00:27Z,9500,2018,Chevrolet,Equinox L,94000,grey,automatic,gasoline,True,Hamden,CT,,vertex,gemini-2.5-flash,2026-04-06T08:12:17.363967Z,scrapes/20260406080027/7922394675.txt
7922452370,20260406100006,2026-04-06T10:00:06Z,2500,2002,Chevrolet,Impala,168886,,automatic,gasoline,,Orange,CT,,vertex,gemini-2.5-flash,2026-04-06T10:12:18.435187Z,scrapes/20260406100006/7922452370.txt
7922588288,20260406050006,2026-04-06T05:00:06Z,14700,2017,toyota,camry xle sedan,98165,white,automatic,gasoline,False,Meriden,CT,06450,vertex,gemini-2.5-flash,2026-04-06T05:12:33.125290Z,scrapes/20260406050006/7922588288.txt
7922723123,20260406100006,2026-04-06T10:00:06Z,48920,2018,Lexus,LC 500,19539,,automatic,gas,False,New Haven,CT,,vertex,gemini-2.5-flash,2026-04-06T10:12:45.688402Z,scrapes/20260406100006/7922723123.txt
7922731916,20260406190006,2026-04-06T19:00:06Z,14900,2005,Ford,F-350 Super Duty,312000,white,automatic,diesel,True,Milford,CT,,vertex,gemini-2.5-flash,2026-04-06T19:12:34.967297Z,scrapes/20260406190006/7922731916.txt
7922810985,20260406140049,2026-04-06T14:00:49Z,6999,2014,BMW,750LI xdrive,113000,black,automatic,gasoline,True,Stratford,CT,,vertex,gemini-2.5-flash,2026-04-06T14:12:48.134324Z,scrapes/20260406140049/7922810985.txt
7922813805,20260406170029,2026-04-06T17:00:29Z,7500,2015,Honda,Accord,149000,black,automatic,gasoline,False,Stratford,CT,,vertex,gemini-2.5-flash,2026-04-06T17:12:41.657094Z,scrapes/20260406170029/7922813805.txt
7923207597,20260406180013,2026-04-06T18:00:13Z,7400,2015,subaru,outback 3.6r limited,179079,Crystal Black Silica,automatic,gasoline,True,Meriden,CT,06450,vertex,gemini-2.5-flash,2026-04-06T18:18:11.297222Z,scrapes/20260406180013/7923207597.txt
7923269477,20260406180013,2026-04-06T18:00:13Z,12800,2014,Mazda,CX-5,99800,Gray Meteor Gray Mica,automatic,gasoline,True,Stamford,CT,06902,vertex,gemini-2.5-flash,2026-04-06T18:18:15.425490Z,scrapes/20260406180013/7923269477.txt
7923643535,20260406170029,2026-04-06T17:00:29Z,5485,2013,Volvo,S60 T5 Sport Sedan,101000,Pearl White,automatic,gasoline,False,Branford,CT,,vertex,gemini-2.5-flash,2026-04-06T17:13:16.167071Z,scrapes/20260406170029/7923643535.txt
7923755951,20260404130035,2026-04-04T13:00:35Z,3900,2013,Nissan,Versa,121347,grey,automatic,gasoline,,Branford,CT,,vertex,gemini-2.5-flash,2026-04-04T13:13:47.589827Z,scrapes/20260404130035/7923755951.txt
7923842626,20260406150039,2026-04-06T15:00:39Z,4900,2013,chrysler,town and country limited,163000,silver,automatic,gasoline,False,Shelton,CT,,vertex,gemini-2.5-flash,2026-04-06T15:13:43.303586Z,scrapes/20260406150039/7923842626.txt
7923882371,20260406160040,2026-04-06T16:00:40Z,21900,2021,Lexus,NX 300 F SPORT,125753,Black,automatic,gasoline,True,Meriden,CT,06450,vertex,gemini-2.5-flash,2026-04-06T16:20:37.697456Z,scrapes/20260406160040/7923882371.txt
7923952902,20260406140049,2026-04-06T14:00:49Z,1550,1998,Subaru,outback,260000,black,manual,gasoline,True,Meriden,CT,,vertex,gemini-2.5-flash,2026-04-06T14:13:47.545277Z,scrapes/20260406140049/7923952902.txt
7924262826,20260406200006,2026-04-06T20:00:06Z,1200,1990,Volvo,240,252300,blue,automatic,gasoline,,Madison,CT,,vertex,gemini-2.5-flash,2026-04-06T20:14:10.475263Z,scrapes/20260406200006/7924262826.txt
7924639916,20260406180013,2026-04-06T18:00:13Z,2000,2006,nissan,quest sl,135000,black,automatic,gasoline,,New Haven,CT,,vertex,gemini-2.5-flash,2026-04-06T18:19:29.886875Z,scrapes/20260406180013/7924639916.txt
7924813991,20260406170029,2026-04-06T17:00:29Z,3288,2002,Dodge,Neon,150000,,automatic,gasoline,False,Wallingford,CT,,vertex,gemini-2.5-flash,2026-04-06T17:14:05.644531Z,scrapes/20260406170029/7924813991.txt
7925186421,20260406190006,2026-04-06T19:00:06Z,18900,2016,toyota,4runner,181790,white,automatic,gasoline,True,Meriden,CT,,vertex,gemini-2.5-flash,2026-04-06T19:25:04.696418Z,scrapes/20260406190006/7925186421.txt
7925215698,20260403120006,2026-04-03T12:00:06Z,50315,2017,Mercedes,G 63 AMG,43393,,automatic,gasoline,,New Haven,CT,,vertex,gemini-2.5-flash,2026-04-03T12:15:15.488486Z,scrapes/20260403120006/7925215698.txt
7921614763,20260404100059,2026-04-04T10:00:59Z,6700,2009,Chevrolet,Silverado 1500,177265,green,automatic,gasoline,True,Bridgeport,CT,,vertex,gemini-2.5-flash,2026-04-04T10:12:14.296550Z,scrapes/20260404100059/7921614763.txt
7921888310,20260404140008,2026-04-04T14:00:08Z,3000,2013,infiniti,g37x,179282,white,automatic,gasoline,,Meriden,CT,,vertex,gemini-2.5-flash,2026-04-04T14:12:27.534792Z,scrapes/20260404140008/7921888310.txt
7922438841,20260405160009,2026-04-05T16:00:09Z,3800,2008,chevrolet,silverado,250000,,automatic,gasoline,,Southington,CT,,vertex,gemini-2.5-flash,2026-04-05T16:12:25.636602Z,scrapes/20260405160009/7922438841.txt
7922548329,20260406200006,2026-04-06T20:00:06Z,25500,1985,Chevrolet,El Camino SS,59000,black,automatic,gasoline,False,Killingworth,CT,,vertex,gemini-2.5-flash,2026-04-06T20:12:28.113779Z,scrapes/20260406200006/7922548329.txt
7922815041,20260406100006,2026-04-06T10:00:06Z,5500,2015,Jeep,Compass,129000,blue,automatic,gasoline,True,Stratford,CT,,vertex,gemini-2.5-flash,2026-04-06T10:12:55.171262Z,scrapes/20260406100006/7922815041.txt
7922872400,20260406180013,2026-04-06T18:00:13Z,7500,2004,Chrysler,Crossfire,93000,grey,automatic,gasoline,,Stratford,CT,,vertex,gemini-2.5-flash,2026-04-06T18:17:52.027839Z,scrapes/20260406180013/7922872400.txt
7922902947,20260405180031,2026-04-05T18:00:31Z,4000,2003,nissan,altima,84000,brown,automatic,gasoline,,Derby,CT,,vertex,gemini-2.5-flash,2026-04-05T18:12:56.679526Z,scrapes/20260405180031/7922902947.txt
7923269564,20260406120036,2026-04-06T12:00:36Z,9800,2014,Audi,Q5,129400,Gray Monsoon Gray Metallic,automatic,,True,Stamford,CT,06902,vertex,gemini-2.5-flash,2026-04-06T12:13:03.919590Z,scrapes/20260406120036/7923269564.txt
7923755686,20260404140008,2026-04-04T14:00:08Z,8900,2014,Volkswagen,Passat SE,85972,grey,automatic,gasoline,False,Branford,CT,,vertex,gemini-2.5-flash,2026-04-04T14:13:45.492646Z,scrapes/20260404140008/7923755686.txt
7924093354,20260406090013,2026-04-06T09:00:13Z,21000,2017,Subaru,outback 3.6,80000,white,automatic,gasoline,True,Killingworth,CT,,vertex,gemini-2.5-flash,2026-04-06T09:13:37.640008Z,scrapes/20260406090013/7924093354.txt
7924332810,20260403130012,2026-04-03T13:00:12Z,2000,2022,acura,tlx,30000,,automatic,gasoline,,North Haven,CT,,vertex,gemini-2.5-flash,2026-04-03T13:14:06.178205Z,scrapes/20260403130012/7924332810.txt
7924666656,20260403020006,2026-04-03T02:00:06Z,12300,2014,Ford,Econoline Cargo Van e-250,91374,Oxford White,automatic,gasoline,False,Bridgeport,CT,06606,vertex,gemini-2.5-flash,2026-04-03T02:14:45.824229Z,scrapes/20260403020006/7924666656.txt
7925234660,20260406120036,2026-04-06T12:00:36Z,4500,2016,ford,fusion titanium,199000,white,automatic,gasoline,False,Shelton,CT,,vertex,gemini-2.5-flash,2026-04-06T12:14:02.519656Z,scrapes/20260406120036/7925234660.txt
7922382206,20260406000006,2026-04-06T00:00:06Z,4998,2008,Subaru,Outback,146350,black,automatic,gasoline,True,East Granby,CT,06026,vertex,gemini-2.5-flash,2026-04-06T00:12:14.731162Z,scrapes/20260406000006/7922382206.txt
7922507802,20260406200006,2026-04-06T20:00:06Z,21950,2021,Jeep,Grand Cherokee L,119058,Baltic Gray Metallic Clearcoat,automatic,gasoline,True,Bridgeport,CT,,vertex,gemini-2.5-flash,2026-04-06T20:12:17.892825Z,scrapes/20260406200006/7922507802.txt
7923005029,20260406190006,2026-04-06T19:00:06Z,3800,2012,mazda,5,172000,grey,automatic,gasoline,False,Shelton,CT,,vertex,gemini-2.5-flash,2026-04-06T19:12:58.867628Z,scrapes/20260406190006/7923005029.txt
7923545896,20260406150039,2026-04-06T15:00:39Z,12450,2018,Toyota,Highlander,133333,brown,automatic,gasoline,True,Norwalk,CT,,vertex,gemini-2.5-flash,2026-04-06T15:13:24.909013Z,scrapes/20260406150039/7923545896.txt
7923661457,20260405110006,2026-04-05T11:00:06Z,2000,2016,chevy,silverado 1500,90000,blue,automatic,gasoline,True,North Haven,CT,,vertex,gemini-2.5-flash,2026-04-05T11:13:25.456118Z,scrapes/20260405110006/7923661457.txt
7923756258,20260404160006,2026-04-04T16:00:06Z,5900,2012,Honda,Accord LX,150492,black,automatic,gasoline,False,Branford,CT,,vertex,gemini-2.5-flash,2026-04-04T16:13:51.267110Z,scrapes/20260404160006/7923756258.txt
7924302745,20260406200006,2026-04-06T20:00:06Z,4000,2001,toyota,land cruiser,273000,,automatic,gasoline,True,New Haven,CT,,vertex,gemini-2.5-flash,2026-04-06T20:14:14.290985Z,scrapes/20260406200006/7924302745.txt
7924666763,20260403000059,2026-04-03T00:00:59Z,14850,2020,Ford,Fusion,35125,Alto Blue Metallic Tinted Clearcoat,automatic,gasoline,,Bridgeport,CT,,vertex,gemini-2.5-flash,2026-04-03T00:15:10.366324Z,scrapes/20260403000059/7924666763.txt
7924752722,20260406170029,2026-04-06T17:00:29Z,8995,2008,Chevy,Express 3500,170484,white,automatic,gasoline,,Oxford,CT,,vertex,gemini-2.5-flash,2026-04-06T17:13:59.341217Z,scrapes/20260406170029/7924752722.txt
7925055107,20260406170029,2026-04-06T17:00:29Z,3288,2002,Dodge,Neon,150000,,automatic,gasoline,False,Wallingford,CT,06492,vertex,gemini-2.5-flash,2026-04-06T17:27:38.628848Z,scrapes/20260406170029/7925055107.txt
7925163610,20260406100006,2026-04-06T10:00:06Z,7500,2016,SUBARU,FORESTER TOURING,185000,silver,automatic,gasoline,True,Meriden,CT,,vertex,gemini-2.5-flash,2026-04-06T10:14:17.003279Z,scrapes/20260406100006/7925163610.txt
7925251911,20260406200006,2026-04-06T20:00:06Z,5485,2012,Volvo,S80 T6 Premier Sedan,151000,Snow White Pearl,automatic,gasoline,True,Branford,CT,,vertex,gemini-2.5-flash,2026-04-06T20:14:53.817844Z,scrapes/20260406200006/7925251911.txt
7922673481,20260406120036,2026-04-06T12:00:36Z,1550,2012,Chrysler,Town & Country,166000,custom,automatic,gasoline,,Bridgeport,CT,,vertex,gemini-2.5-flash,2026-04-06T12:12:32.420118Z,scrapes/20260406120036/7922673481.txt
7922888763,20260406190006,2026-04-06T19:00:06Z,2800,2005,Buick,park avenue ultra,104000,,automatic,gasoline,,New Haven,CT,,vertex,gemini-2.5-flash,2026-04-06T19:12:37.988861Z,scrapes/20260406190006/7922888763.txt
7922888909,20260405210016,2026-04-05T21:00:16Z,3288,2002,Dodge,Neon,150000,,automatic,gasoline,False,Wallingford,CT,,vertex,gemini-2.5-flash,2026-04-05T21:13:25.392643Z,scrapes/20260405210016/7922888909.txt
7922959941,20260406200006,2026-04-06T20:00:06Z,25000,1976,chevrolet,camaro,139000,blue,automatic,gasoline,,Poughkeepsie,NY,,vertex,gemini-2.5-flash,2026-04-06T20:12:53.620328Z,scrapes/20260406200006/7922959941.txt
7923197043,20260406010006,2026-04-06T01:00:06Z,9998,2015,Subaru,XV Crosstrek,154359,Gray,automatic,gasoline,True,East Granby,CT,06026,vertex,gemini-2.5-flash,2026-04-06T01:12:54.933803Z,scrapes/20260406010006/7923197043.txt
7923755491,20260404090025,2026-04-04T09:00:25Z,9900,2018,Subaru,Crosstrek,173000,red,automatic,gasoline,True,Branford,CT,,vertex,gemini-2.5-flash,2026-04-04T09:13:26.491580Z,scrapes/20260404090025/7923755491.txt
7923912455,20260406150039,2026-04-06T15:00:39Z,17000,2019,Audi,A6 Premium Plus,42250,black,automatic,gasoline,,Danbury,CT,,vertex,gemini-2.5-flash,2026-04-06T15:13:49.697715Z,scrapes/20260406150039/7923912455.txt
7924302851,20260406150039,2026-04-06T15:00:39Z,48955,2018,Lexus,LC 500,19539,,automatic,gasoline,,New Haven,CT,,vertex,gemini-2.5-flash,2026-04-06T15:14:19.758525Z,scrapes/20260406150039/7924302851.txt
7924445814,20260406180013,2026-04-06T18:00:13Z,8500,2019,ram,promaster city,201000,white,automatic,gasoline,,West Haven,CT,,vertex,gemini-2.5-flash,2026-04-06T18:19:13.165581Z,scrapes/20260406180013/7924445814.txt
7924666579,20260403010042,2026-04-03T01:00:42Z,25900,2018,Land Rover,Range Rover,101615,Santorini Black Metallic,automatic,gasoline,True,Bridgeport,CT,06606,vertex,gemini-2.5-flash,2026-04-03T01:15:03.068493Z,scrapes/20260403010042/7924666579.txt
7924666633,20260403010042,2026-04-03T01:00:42Z,8500,2011,Chevrolet,Tahoe,178907,Red Jewel Tintcoat,automatic,,True,Bridgeport,CT,06606,vertex,gemini-2.5-flash,2026-04-03T01:15:08.434221Z,scrapes/20260403010042/7924666633.txt
7924666742,20260406200006,2026-04-06T20:00:06Z,15900,2015,Chevrolet,Silverado 1500,126474,Slate Grey Metallic,Automatic,gasoline,True,Bridgeport,CT,06606,vertex,gemini-2.5-flash,2026-04-06T20:14:38.590339Z,scrapes/20260406200006/7924666742.txt
7924667020,20260403010042,2026-04-03T01:00:42Z,12850,2016,Dodge,Grand Caravan,48019,True Blue Pearlcoat,automatic,gasoline,False,Bridgeport,CT,06606,vertex,gemini-2.5-flash,2026-04-03T01:15:16.969575Z,scrapes/20260403010042/7924667020.txt
7924967328,20260406040050,2026-04-06T04:00:50Z,20999,2018,BMW,X5,100000,,automatic,gasoline,True,Derby,CT,,vertex,gemini-2.5-flash,2026-04-06T04:14:02.823820Z,scrapes/20260406040050/7924967328.txt
7921614824,20260404110005,2026-04-04T11:00:05Z,14650,2019,Chevrolet,Traverse,87713,black,automatic,gasoline,True,Bridgeport,CT,,vertex,gemini-2.5-flash,2026-04-04T11:12:14.513601Z,scrapes/20260404110005/7921614824.txt
7922410662,20260406120036,2026-04-06T12:00:36Z,9499,2016,Toyota,Prius Two,173177,silver,automatic,hybrid,,Bethany,CT,,vertex,gemini-2.5-flash,2026-04-06T12:12:14.226077Z,scrapes/20260406120036/7922410662.txt
7922507494,20260403020006,2026-04-03T02:00:06Z,69500,1966,CHEVROLET,CHEVELLE,59985,grey,automatic,gasoline,,Bridgeport,CT,06606,vertex,gemini-2.5-flash,2026-04-03T02:12:54.375491Z,scrapes/20260403020006/7922507494.txt
7922606224,20260406150039,2026-04-06T15:00:39Z,25000,2010,honda,accord,80000,silver,automatic,gasoline,,Norwalk,CT,,vertex,gemini-2.5-flash,2026-04-06T15:12:37.908136Z,scrapes/20260406150039/7922606224.txt
7923549869,20260406180013,2026-04-06T18:00:13Z,4300,2001,Acura,3.5RL,121327,white,automatic,gasoline,,Stratford,CT,,vertex,gemini-2.5-flash,2026-04-06T18:18:31.846538Z,scrapes/20260406180013/7923549869.txt
7923661289,20260404140008,2026-04-04T14:00:08Z,,2018,Toyota,Camry,33000,white,automatic,gas,False,North Haven,CT,,vertex,gemini-2.5-flash,2026-04-04T14:13:40.502911Z,scrapes/20260404140008/7923661289.txt
7923778321,20260406190006,2026-04-06T19:00:06Z,3000,2009,CHEVROLET,COBALT,140000,,automatic,gasoline,,Wallingford,CT,06492,vertex,gemini-2.5-flash,2026-04-06T19:23:28.783316Z,scrapes/20260406190006/7923778321.txt
7923948506,20260406180013,2026-04-06T18:00:13Z,7800,2015,Ford,Escape,119500,Black,automatic,gasoline,False,Stamford,CT,06902,vertex,gemini-2.5-flash,2026-04-06T18:18:52.037335Z,scrapes/20260406180013/7923948506.txt
7924666673,20260406190006,2026-04-06T19:00:06Z,20950,2018,Land Rover,Range Rover Sport,93146,white,automatic,gasoline,True,Bridgeport,CT,06606,vertex,gemini-2.5-flash,2026-04-06T19:24:48.242639Z,scrapes/20260406190006/7924666673.txt
7924667000,20260406190006,2026-04-06T19:00:06Z,175000,1956,Chevrolet,Bel Air,1250,black,manual,gas,,Bridgeport,CT,06606,vertex,gemini-2.5-flash,2026-04-06T19:24:52.021046Z,scrapes/20260406190006/7924667000.txt
7925273874,20260406170029,2026-04-06T17:00:29Z,3288,2002,Dodge,Neon,150000,,automatic,gas,,Wallingford,CT,,vertex,gemini-2.5-flash,2026-04-06T17:27:58.146647Z,scrapes/20260406170029/7925273874.txt
7925286956,20260406190006,2026-04-06T19:00:06Z,5000,1995,Jeep,Wrangler YJ,174000,green,manual,gasoline,True,North Branford,CT,,vertex,gemini-2.5-flash,2026-04-06T19:25:11.033067Z,scrapes/20260406190006/7925286956.txt
7922393570,20260406110008,2026-04-06T11:00:08Z,8000,2015,Nissan,Pathfinder,154800,silver,automatic,gasoline,True,Naugatuck,CT,,vertex,gemini-2.5-flash,2026-04-06T11:12:15.203369Z,scrapes/20260406110008/7922393570.txt
7924429406,20260406130041,2026-04-06T13:00:41Z,4200,2018,Kia,soul +,170000,silver,automatic,gasoline,,Branford,CT,,vertex,gemini-2.5-flash,2026-04-06T13:14:26.633987Z,scrapes/20260406130041/7924429406.txt
7925249300,20260404170006,2026-04-04T17:00:06Z,3950,2006,Jeep,Grand Cherokee Laredo,130000,,automatic,gasoline,True,Westfield,MA,,vertex,gemini-2.5-flash,2026-04-04T17:14:59.454377Z,scrapes/20260404170006/7925249300.txt
7925251829,20260406100006,2026-04-06T10:00:06Z,8885,2016,Volvo,XC60 T5 Premier AWD SUV,126000,Twilight Osmium Grey Metallic,automatic,gasoline,True,Branford,CT,,vertex,gemini-2.5-flash,2026-04-06T10:14:21.132982Z,scrapes/20260406100006/7925251829.txt
7922613194,20260406160040,2026-04-06T16:00:40Z,10900,2011,Ford,Mustang V6 Coupe premium,105405,white,manual,gasoline,,Meriden,CT,,vertex,gemini-2.5-flash,2026-04-06T16:17:56.663234Z,scrapes/20260406160040/7922613194.txt
7922860906,20260406170029,2026-04-06T17:00:29Z,3550,1983,Chevrolet,C/K Pickup Conventional Cab 1/2 ton,25257,black,automatic,gasoline,True,Waterbury,CT,06706,vertex,gemini-2.5-flash,2026-04-06T17:12:52.126635Z,scrapes/20260406170029/7922860906.txt
7923518061,20260406170029,2026-04-06T17:00:29Z,9885,2016,Nissan,Pathfinder SL AWD SUV,114000,Arctic Blue Metallic,automatic,gasoline,True,Branford,CT,,vertex,gemini-2.5-flash,2026-04-06T17:13:04.916331Z,scrapes/20260406170029/7923518061.txt
7923755864,20260404140008,2026-04-04T14:00:08Z,10900,2014,Subaru,XV Crosstrek,124824,grey,automatic,gasoline,True,Branford,CT,,vertex,gemini-2.5-flash,2026-04-04T14:13:49.118858Z,scrapes/20260404140008/7923755864.txt
7924070156,20260406160040,2026-04-06T16:00:40Z,6885,2012,Jeep,Liberty Limited Sport SUV,114000,Black Forest Green,automatic,gasoline,True,Branford,CT,,vertex,gemini-2.5-flash,2026-04-06T16:21:41.983995Z,scrapes/20260406160040/7924070156.txt
7924590168,20260406090013,2026-04-06T09:00:13Z,7500,1987,Ford,F 150,79000,red,manual,gasoline,True,North Branford,CT,,vertex,gemini-2.5-flash,2026-04-06T09:13:49.819398Z,scrapes/20260406090013/7924590168.txt
7924666689,20260403040006,2026-04-03T04:00:06Z,18995,2017,Ford,F-150,106743,Ruby Red Metallic Tinted Clearcoat,automatic,gasoline,True,Bridgeport,CT,,vertex,gemini-2.5-flash,2026-04-03T04:15:07.249248Z,scrapes/20260403040006/7924666689.txt
7924667042,20260406020011,2026-04-06T02:00:11Z,13500,2011,Lexus,LS 460,115212,blue,automatic,gasoline,True,Bridgeport,CT,06606,vertex,gemini-2.5-flash,2026-04-06T02:14:10.385870Z,scrapes/20260406020011/7924667042.txt
7925305585,20260406120036,2026-04-06T12:00:36Z,12300,2014,Ford,Econoline Cargo Van e-250,91374,Oxford White,automatic,gasoline,False,Bridgeport,CT,06606,vertex,gemini-2.5-flash,2026-04-06T12:14:13.315845Z,scrapes/20260406120036/7925305585.txt
7925305626,20260406080027,2026-04-06T08:00:27Z,15990,2018,GMC,Yukon XL,153518,white,automatic,gasoline,True,Bridgeport,CT,06606,vertex,gemini-2.5-flash,2026-04-06T08:14:44.605977Z,scrapes/20260406080027/7925305626.txt
7925305645,20260406090013,2026-04-06T09:00:13Z,8900,2006,Lexus,GS 300,131986,silver,Automatic,gasoline,True,Bridgeport,CT,06606,vertex,gemini-2.5-flash,2026-04-06T09:14:09.084858Z,scrapes/20260406090013/7925305645.txt
7921614789,20260404120006,2026-04-04T12:00:06Z,11900,2015,Jaguar,XF,79004,Ultimate Black Metallic,automatic,gasoline,True,Bridgeport,CT,06606,vertex,gemini-2.5-flash,2026-04-04T12:12:14.089733Z,scrapes/20260404120006/7921614789.txt
7921766314,20260404140008,2026-04-04T14:00:08Z,4800,2011,Toyota,Venza LE FWD SUV,133000,Steel Grey Pearl,automatic,gasoline,False,Branford,CT,,vertex,gemini-2.5-flash,2026-04-04T14:12:19.944789Z,scrapes/20260404140008/7921766314.txt
7921791498,20260404090025,2026-04-04T09:00:25Z,20990,2019,Mercedes-Benz,Sprinter C2500/C3500,85710,grey,automatic,diesel,False,West Haven,CT,,vertex,gemini-2.5-flash,2026-04-04T09:12:16.268214Z,scrapes/20260404090025/7921791498.txt
7922205598,20260405070026,2026-04-05T07:00:26Z,8500,2011,GMC,Savana 1500 Cargo,110885,white,automatic,gasoline,,Canterbury,CT,,vertex,gemini-2.5-flash,2026-04-05T07:12:15.147500Z,scrapes/20260405070026/7922205598.txt
7922411334,20260405200012,2026-04-05T20:00:12Z,8999,2014,Subaru,XV Crosstrek Hybrid,120228,Plasma Green Pearl,automatic,hybrid,True,Bethany,CT,,vertex,gemini-2.5-flash,2026-04-05T20:12:29.367202Z,scrapes/20260405200012/7922411334.txt
7922509063,20260406200006,2026-04-06T20:00:06Z,17990,2018,Acura,MDX,72433,White Diamond Pearl,Automatic,gasoline,False,Bridgeport,CT,06606,vertex,gemini-2.5-flash,2026-04-06T20:12:23.864782Z,scrapes/20260406200006/7922509063.txt
7923189477,20260406150039,2026-04-06T15:00:39Z,9800,2013,Lexus,RX 350,168000,,automatic,gasoline,False,West Hartford,CT,,vertex,gemini-2.5-flash,2026-04-06T15:13:05.308857Z,scrapes/20260406150039/7923189477.txt
7924070470,20260406180013,2026-04-06T18:00:13Z,20900,2019,lexus,rx350L,149541,white,automatic,gasoline,True,Meriden,CT,,vertex,gemini-2.5-flash,2026-04-06T18:18:56.753105Z,scrapes/20260406180013/7924070470.txt
7925133149,20260406110008,2026-04-06T11:00:08Z,4000,1976,ford,ELITE,40000,white,automatic,gasoline,,Derby,CT,,vertex,gemini-2.5-flash,2026-04-06T11:14:31.467322Z,scrapes/20260406110008/7925133149.txt
7925306888,20260406040050,2026-04-06T04:00:50Z,14850,2020,Ford,Fusion,35125,blue,automatic,gasoline,False,Bridgeport,CT,06606,vertex,gemini-2.5-flash,2026-04-06T04:14:11.891762Z,scrapes/20260406040050/7925306888.txt
7922825064,20260406170029,2026-04-06T17:00:29Z,2500,2009,Audi,A5,215000,silver,manual,gasoline,True,Waterbury,CT,,vertex,gemini-2.5-flash,2026-04-06T17:12:46.508931Z,scrapes/20260406170029/7922825064.txt
7922970432,20260406100006,2026-04-06T10:00:06Z,8995,2004,Mercedez-Benz,S500 4Matic,80982,black,automatic,gasoline,True,West Haven,CT,06516,vertex,gemini-2.5-flash,2026-04-06T10:13:03.960754Z,scrapes/20260406100006/7922970432.txt
7923759911,20260404130035,2026-04-04T13:00:35Z,9900,2015,Jeep,Cherokee Latitude,81802,blue,automatic,gasoline,True,Branford,CT,,vertex,gemini-2.5-flash,2026-04-04T13:13:53.053401Z,scrapes/20260404130035/7923759911.txt
7924376322,20260406110008,2026-04-06T11:00:08Z,3288,2002,Dodge,Neon,150000,,automatic,gasoline,False,Wallingford,CT,,vertex,gemini-2.5-flash,2026-04-06T11:14:11.230465Z,scrapes/20260406110008/7924376322.txt
7924562729,20260406120036,2026-04-06T12:00:36Z,6000,2011,subaru,outback,150000,red,automatic,gasoline,True,Derby,CT,,vertex,gemini-2.5-flash,2026-04-06T12:13:36.272474Z,scrapes/20260406120036/7924562729.txt
7925184822,20260406010006,2026-04-06T01:00:06Z,8300,2017,ford,focus se,56588,grey,automatic,gasoline,,West Haven,CT,,vertex,gemini-2.5-flash,2026-04-06T01:14:13.556866Z,scrapes/20260406010006/7925184822.txt
7925305513,20260406110008,2026-04-06T11:00:08Z,16900,2017,Land Rover,Range Rover Sport,95262,Borealis Black Metallic,Automatic,gasoline,,Bridgeport,CT,06606,vertex,gemini-2.5-flash,2026-04-06T11:14:37.761324Z,scrapes/20260406110008/7925305513.txt
7925305601,20260406080027,2026-04-06T08:00:27Z,12990,2016,Honda,Pilot,120070,white,automatic,gasoline,True,Bridgeport,CT,,vertex,gemini-2.5-flash,2026-04-06T08:14:40.691255Z,scrapes/20260406080027/7925305601.txt
7923269508,20260406200006,2026-04-06T20:00:06Z,12800,2018,Chevrolet,Equinox,135100,Black Mosaic Black Metallic,automatic,gasoline,True,Stamford,CT,06902,vertex,gemini-2.5-flash,2026-04-06T20:13:14.143156Z,scrapes/20260406200006/7923269508.txt
7924073386,20260406110008,2026-04-06T11:00:08Z,6485,2014,Cadillac,ATS-4 AWD Sport Sedan,130000,Red,automatic,gasoline,True,Branford,CT,,vertex,gemini-2.5-flash,2026-04-06T11:13:54.427622Z,scrapes/20260406110008/7924073386.txt
7924666974,20260406070023,2026-04-06T07:00:23Z,13500,2018,BMW,X1,86540,Mineral White Metallic,automatic,gasoline,False,Bridgeport,CT,06606,vertex,gemini-2.5-flash,2026-04-06T07:14:04.069594Z,scrapes/20260406070023/7924666974.txt
7924685857,20260406160040,2026-04-06T16:00:40Z,4800,2010,Chevrolet,Express 2500 Cargo,280000,grey,automatic,gasoline,,Naugatuck,CT,,vertex,gemini-2.5-flash,2026-04-06T16:23:11.253349Z,scrapes/20260406160040/7924685857.txt
7924920866,20260404140008,2026-04-04T14:00:08Z,6000,1986,Chevy,El Camino,1234567,,automatic,gasoline,,Middlebury,CT,,vertex,gemini-2.5-flash,2026-04-04T14:14:38.055733Z,scrapes/20260404140008/7924920866.txt
7925305595,20260405200012,2026-04-05T20:00:12Z,8500,2011,Chevrolet,Tahoe,178907,Red Jewel Tintcoat,automatic,,True,Bridgeport,CT,,vertex,gemini-2.5-flash,2026-04-05T20:14:27.398027Z,scrapes/20260405200012/7925305595.txt
7922588638,20260406110008,2026-04-06T11:00:08Z,6900,2015,subaru,forester 2.5i limited,150818,silver,automatic,gasoline,True,Meriden,CT,06450,vertex,gemini-2.5-flash,2026-04-06T11:12:30.888078Z,scrapes/20260406110008/7922588638.txt
7922869991,20260406150039,2026-04-06T15:00:39Z,14500,2017,RAM,ProMaster 2500 High Roof 159in WB,173128,white,automatic,gasoline,,Cheshire,CT,,vertex,gemini-2.5-flash,2026-04-06T15:12:51.218526Z,scrapes/20260406150039/7922869991.txt
7923254716,20260406200006,2026-04-06T20:00:06Z,3300,2010,HYANDIA,ELECTRA,133500,grey,automatic,gasoline,False,Wallingford,CT,,vertex,gemini-2.5-flash,2026-04-06T20:13:10.584712Z,scrapes/20260406200006/7923254716.txt
7923687600,20260406170029,2026-04-06T17:00:29Z,10950,2015,Mercedes-Benz,GL 450 4MATIC,124948,black,automatic,gasoline,True,Meriden,CT,,vertex,gemini-2.5-flash,2026-04-06T17:13:18.988299Z,scrapes/20260406170029/7923687600.txt
7925306856,20260406050006,2026-04-06T05:00:06Z,8800,2015,Mercedes-Benz,GLK-Class,123897,Mars Red,automatic,gasoline,False,Bridgeport,CT,06606,vertex,gemini-2.5-flash,2026-04-06T05:14:23.967304Z,scrapes/20260406050006/7925306856.txt
7925306939,20260406070023,2026-04-06T07:00:23Z,69500,1966,CHEVROLET,CHEVELLE,59985,grey,automatic,gasoline,,Bridgeport,CT,06606,vertex,gemini-2.5-flash,2026-04-06T07:14:18.765976Z,scrapes/20260406070023/7925306939.txt
7922588531,20260406200006,2026-04-06T20:00:06Z,21900,2020,chevrolet,suburban lt,113946,white,automatic,gasoline,True,Meriden,CT,06450,vertex,gemini-2.5-flash,2026-04-06T20:12:37.235756Z,scrapes/20260406200006/7922588531.txt
7923562891,20260406080027,2026-04-06T08:00:27Z,8000,2005,Ford,Ranger XLT,142350,red,manual,gasoline,True,Branford,CT,,vertex,gemini-2.5-flash,2026-04-06T08:13:37.377489Z,scrapes/20260406080027/7923562891.txt
7925252175,20260406100006,2026-04-06T10:00:06Z,8985,2015,BMW,X5 3.5i X-drive Sport SUV,142000,Alpine White,automatic,gasoline,True,Branford,CT,,vertex,gemini-2.5-flash,2026-04-06T10:14:25.663087Z,scrapes/20260406100006/7925252175.txt
7925306928,20260406090013,2026-04-06T09:00:13Z,9400,2015,Honda,Civic Sedan,130759,Dyno Blue Pearl,automatic,gasoline,False,Bridgeport,CT,06606,vertex,gemini-2.5-flash,2026-04-06T09:14:28.344656Z,scrapes/20260406090013/7925306928.txt
7921614617,20260403190006,2026-04-03T19:00:06Z,5900,2008,Toyota,Corolla,139374,gold,automatic,gasoline,,Bridgeport,CT,,vertex,gemini-2.5-flash,2026-04-03T19:12:15.826610Z,scrapes/20260403190006/7921614617.txt
7923939433,20260406200006,2026-04-06T20:00:06Z,6800,2009,Jeep,Grand Cherokee Laredo,117810,black,automatic,gasoline,True,West Haven,CT,06516,vertex,gemini-2.5-flash,2026-04-06T20:13:41.403783Z,scrapes/20260406200006/7923939433.txt
7925305613,20260406050006,2026-04-06T05:00:06Z,18900,2020,Audi,Q3,77916,Chronos Gray Metallic,automatic,gasoline,True,Bridgeport,CT,,vertex,gemini-2.5-flash,2026-04-06T05:14:20.132341Z,scrapes/20260406050006/7925305613.txt
7925306908,20260406090013,2026-04-06T09:00:13Z,15500,2018,BMW,X2,79633,Black Sapphire Metallic,automatic,gasoline,True,Bridgeport,CT,06606,vertex,gemini-2.5-flash,2026-04-06T09:14:20.849000Z,scrapes/20260406090013/7925306908.txt
7922351290,20260405150048,2026-04-05T15:00:48Z,2300,2012,Nissan,Rogue,168000,red,automatic,gasoline,True,North Stamford,CT,,vertex,gemini-2.5-flash,2026-04-05T15:12:15.782028Z,scrapes/20260405150048/7922351290.txt
7924687780,20260406080027,2026-04-06T08:00:27Z,6999,2014,Honda,civic EX,150000,,automatic,gasoline,,West Hartford,CT,,vertex,gemini-2.5-flash,2026-04-06T08:14:33.531365Z,scrapes/20260406080027/7924687780.txt
7925305560,20260406140049,2026-04-06T14:00:49Z,31900,2018,Land Rover,Range Rover,101615,black,automatic,gasoline,True,Bridgeport,CT,,vertex,gemini-2.5-flash,2026-04-06T14:26:56.185708Z,scrapes/20260406140049/7925305560.txt
7922176112,20260405000052,2026-04-05T00:00:52Z,9885,2016,BMW,X3 2.8i X-drive SUV,124000,white,automatic,gasoline,True,Branford,CT,,vertex,gemini-2.5-flash,2026-04-05T00:12:18.833336Z,scrapes/20260405000052/7922176112.txt
7925305495,20260404220010,2026-04-04T22:00:10Z,14800,2013,Toyota,Avalon Hybrid,100775,BURGANDY,automatic,gasoline,,Bridgeport,CT,,vertex,gemini-2.5-flash,2026-04-04T22:14:20.812278Z,scrapes/20260404220010/7925305495.txt
7925305637,20260406120036,2026-04-06T12:00:36Z,14850,2018,INFINITI,Q50,139096,white,automatic,gasoline,True,Bridgeport,CT,06606,vertex,gemini-2.5-flash,2026-04-06T12:14:17.229304Z,scrapes/20260406120036/7925305637.txt
7925306944,20260406070023,2026-04-06T07:00:23Z,12850,2016,Dodge,Grand Caravan,48019,True Blue Pearlcoat,automatic,gas,False,Bridgeport,CT,,vertex,gemini-2.5-flash,2026-04-06T07:14:22.355764Z,scrapes/20260406070023/7925306944.txt
7925305573,20260406070023,2026-04-06T07:00:23Z,17500,1988,Chevrolet,Caprice,69541,CREAM,automatic,gasoline,,Bridgeport,CT,06606,vertex,gemini-2.5-flash,2026-04-06T07:14:07.196384Z,scrapes/20260406070023/7925305573.txt
7925306875,20260406110008,2026-04-06T11:00:08Z,10800,2019,Dodge,Charger,54917,white,automatic,gasoline,,Bridgeport,CT,,vertex,gemini-2.5-flash,2026-04-06T11:14:45.989361Z,scrapes/20260406110008/7925306875.txt
7925336798,20260406140049,2026-04-06T14:00:49Z,10998,2015,Subaru,Forester,132799,Silver,automatic,gasoline,True,East Granby,CT,06026,vertex,gemini-2.5-flash,2026-04-06T14:27:03.436696Z,scrapes/20260406140049/7925336798.txt
7923488225,20260406080027,2026-04-06T08:00:27Z,5700,2007,Saturn,Vue,165000,red,automatic,gasoline,False,Southbury,CT,,vertex,gemini-2.5-flash,2026-04-06T08:13:24.115144Z,scrapes/20260406080027/7923488225.txt
7921994075,20260404140008,2026-04-04T14:00:08Z,800,2005,BMW,325i,181000,,automatic,gasoline,,Hamden,CT,,vertex,gemini-2.5-flash,2026-04-04T14:12:31.150560Z,scrapes/20260404140008/7921994075.txt
7923843242,20260403160006,2026-04-03T16:00:06Z,7200,2010,TOYOTA,CAMRY LE,149000,,automatic,gasoline,True,FAIRFIELD,CT,,vertex,gemini-2.5-flash,2026-04-03T16:14:43.985151Z,scrapes/20260403160006/7923843242.txt
7925348793,20260406170029,2026-04-06T17:00:29Z,9885,2015,Mercedes-Benz,GLK350,130000,Pearl White Metallic,automatic,gasoline,True,Branford,CT,,vertex,gemini-2.5-flash,2026-04-06T17:28:34.063505Z,scrapes/20260406170029/7925348793.txt
7922899953,20260406150039,2026-04-06T15:00:39Z,19900,2023,subaru,forester,113437,black,automatic,gasoline,True,Meriden,CT,06450,vertex,gemini-2.5-flash,2026-04-06T15:12:56.456030Z,scrapes/20260406150039/7922899953.txt
7925306897,20260406060012,2026-04-06T06:00:12Z,10850,2015,Ford,Fusion,92276,black,automatic,gasoline,True,Bridgeport,CT,,vertex,gemini-2.5-flash,2026-04-06T06:14:27.517940Z,scrapes/20260406060012/7925306897.txt
7925348581,20260406130041,2026-04-06T13:00:41Z,7985,2012,BMW,528i x-drive Premium Sedan,71000,black,automatic,gasoline,True,Branford,CT,,vertex,gemini-2.5-flash,2026-04-06T13:15:35.451200Z,scrapes/20260406130041/7925348581.txt
7925354008,20260406030019,2026-04-06T03:00:19Z,4700,2013,Hyundai,Elantra,130000,red,automatic,gasoline,,Branford,CT,,vertex,gemini-2.5-flash,2026-04-06T03:14:26.817737Z,scrapes/20260406030019/7925354008.txt
7925357523,20260406200006,2026-04-06T20:00:06Z,2400,2008,Toyota,Corolla,222789,blue,automatic,gasoline,,New Haven,CT,,vertex,gemini-2.5-flash,2026-04-06T20:14:56.503890Z,scrapes/20260406200006/7925357523.txt
7924043271,20260406200006,2026-04-06T20:00:06Z,5800,2005,Chevrolet,Avalanche 1500 LTZ 4x4,215000,,automatic,gasoline,True,Stratford,CT,,vertex,gemini-2.5-flash,2026-04-06T20:13:50.839967Z,scrapes/20260406200006/7924043271.txt
7922148637,20260404210006,2026-04-04T21:00:06Z,2500,2005,Honda,Accord LX,220000,,automatic,gasoline,,Stratford,CT,,vertex,gemini-2.5-flash,2026-04-04T21:12:14.098669Z,scrapes/20260404210006/7922148637.txt
7925331759,20260406170029,2026-04-06T17:00:29Z,3200,2014,Subaru,legacy 2.5i premium,212700,blue,automatic,gasoline,,New Haven,CT,,vertex,gemini-2.5-flash,2026-04-06T17:28:03.176427Z,scrapes/20260406170029/7925331759.txt
7925356182,20260406040050,2026-04-06T04:00:50Z,17000,2019,Audi,A6,42250,black,automatic,gasoline,,Southbury,CT,,vertex,gemini-2.5-flash,2026-04-06T04:14:20.759085Z,scrapes/20260406040050/7925356182.txt
7925433618,20260406200006,2026-04-06T20:00:06Z,2000,2022,acura,tlx,30000,,automatic,gasoline,,North Haven,CT,,vertex,gemini-2.5-flash,2026-04-06T20:15:11.086971Z,scrapes/20260406200006/7925433618.txt
7925423031,20260406200006,2026-04-06T20:00:06Z,,2022,Acura,TLX a-spec,24000,red,automatic,gasoline,True,North Haven,CT,,vertex,gemini-2.5-flash,2026-04-06T20:15:07.663349Z,scrapes/20260406200006/7925423031.txt
7923015219,20260406200006,2026-04-06T20:00:06Z,4500,2010,Nissan,Altima,163117,black,automatic,gasoline,False,Northford,CT,,vertex,gemini-2.5-flash,2026-04-06T20:12:58.345368Z,scrapes/20260406200006/7923015219.txt
7925306868,20260406090013,2026-04-06T09:00:13Z,18995,2017,Ford,F-150,106743,Ruby Red Metallic Tinted Clearcoat,automatic,gasoline,True,Bridgeport,CT,,vertex,gemini-2.5-flash,2026-04-06T09:14:12.897514Z,scrapes/20260406090013/7925306868.txt
7925422877,20260406170029,2026-04-06T17:00:29Z,7900,2012,ACURA,MDX SPORT,166000,,automatic,gasoline,True,Fairfield,CT,,vertex,gemini-2.5-flash,2026-04-06T17:28:46.736319Z,scrapes/20260406170029/7925422877.txt
7925424458,20260405140022,2026-04-05T14:00:22Z,7600,2010,TOYOTA,CAMRY LE,149000,,automatic,gasoline,True,Fairfield,CT,,vertex,gemini-2.5-flash,2026-04-05T14:15:08.752287Z,scrapes/20260405140022/7925424458.txt
7925445118,20260406200006,2026-04-06T20:00:06Z,6500,2000,Ford,Ranger,50000,,automatic,gasoline,True,Meriden,CT,,vertex,gemini-2.5-flash,2026-04-06T20:15:14.918652Z,scrapes/20260406200006/7925445118.txt
7925240722,20260406110008,2026-04-06T11:00:08Z,3500,2013,subaru,impreza,185000,silver,automatic,gasoline,True,Shelton,CT,,vertex,gemini-2.5-flash,2026-04-06T11:14:34.353981Z,scrapes/20260406110008/7925240722.txt
7925336756,20260406070023,2026-04-06T07:00:23Z,10998,2017,Subaru,Legacy,124781,white,automatic,gasoline,True,East Granby,CT,06026,vertex,gemini-2.5-flash,2026-04-06T07:14:26.361025Z,scrapes/20260406070023/7925336756.txt
7925306918,20260406110008,2026-04-06T11:00:08Z,13800,2020,Nissan,Rogue,82675,Caspian Blue Metallic,automatic,gasoline,True,Bridgeport,CT,06606,vertex,gemini-2.5-flash,2026-04-06T11:14:50.308936Z,scrapes/20260406110008/7925306918.txt
7925355433,20260406160040,2026-04-06T16:00:40Z,5500,1978,Chevy,Chevette,75000,blue,automatic,gasoline,,Hamden,CT,,vertex,gemini-2.5-flash,2026-04-06T16:24:34.447793Z,scrapes/20260406160040/7925355433.txt
7925530133,20260406200006,2026-04-06T20:00:06Z,5900,2008,Honda,CRV,166000,black,automatic,gasoline,,Milford,CT,,vertex,gemini-2.5-flash,2026-04-06T20:15:20.528365Z,scrapes/20260406200006/7925530133.txt
7925501885,20260406190006,2026-04-06T19:00:06Z,3288,2002,Dodge,Neon,150000,,automatic,gasoline,False,Wallingford,CT,,vertex,gemini-2.5-flash,2026-04-06T19:25:28.663544Z,scrapes/20260406190006/7925501885.txt
7925568460,20260406150039,2026-04-06T15:00:39Z,9599,2016,Subaru,Outback,165728,white,automatic,gasoline,True,East Granby,CT,06026,vertex,gemini-2.5-flash,2026-04-06T15:14:56.288889Z,scrapes/20260406150039/7925568460.txt
7925411755,20260406160040,2026-04-06T16:00:40Z,2000,2008,volkswagen,passat,158000,,manual,gasoline,,New Haven,CT,,vertex,gemini-2.5-flash,2026-04-06T16:24:43.050035Z,scrapes/20260406160040/7925411755.txt
7925551829,20260406180013,2026-04-06T18:00:13Z,7400,2015,Mercedes-Benz,GLA-Class,55526,red,automatic,gasoline,True,New Haven,CT,,vertex,gemini-2.5-flash,2026-04-06T18:20:02.515321Z,scrapes/20260406180013/7925551829.txt
7925568448,20260406120036,2026-04-06T12:00:36Z,5985,2010,Nissan,Murano SL AWD SUV,109000,black,automatic,gasoline,True,Branford,CT,,vertex,gemini-2.5-flash,2026-04-06T12:14:38.105572Z,scrapes/20260406120036/7925568448.txt
7925577632,20260406090013,2026-04-06T09:00:13Z,10900,2007,Lexus,LS 460 L,164379,Smoky Granite Mica,automatic,gasoline,,Meriden,CT,,vertex,gemini-2.5-flash,2026-04-06T09:14:43.490571Z,scrapes/20260406090013/7925577632.txt
7925565239,20260406200006,2026-04-06T20:00:06Z,6505,2013,Ford,F-150,181000,White,automatic,gasoline,True,Hamden,CT,,vertex,gemini-2.5-flash,2026-04-06T20:15:23.114058Z,scrapes/20260406200006/7925565239.txt
7925591785,20260406190006,2026-04-06T19:00:06Z,18300,2017,Porsche,Macan,78600,black,automatic,gasoline,True,Shelton,CT,,vertex,gemini-2.5-flash,2026-04-06T19:25:31.521573Z,scrapes/20260406190006/7925591785.txt
7925596247,20260406190006,2026-04-06T19:00:06Z,14850,2012,Chevrolet,Silverado 1500,67592,blue,automatic,gasoline,True,Bridgeport,CT,,vertex,gemini-2.5-flash,2026-04-06T19:25:35.565045Z,scrapes/20260406190006/7925596247.txt
7925601939,20260406120036,2026-04-06T12:00:36Z,16900,2015,Ford,Super Duty F-350 SRW,264719,Bronze Fire Metallic,Automatic,diesel,True,Bridgeport,CT,06606,vertex,gemini-2.5-flash,2026-04-06T12:14:42.063823Z,scrapes/20260406120036/7925601939.txt
7925596210,20260406200006,2026-04-06T20:00:06Z,29900,2016,Ram,3500,142654,Bright Silver Metallic Clearcoat,automatic,gasoline,True,Bridgeport,CT,06606,vertex,gemini-2.5-flash,2026-04-06T20:15:27.121273Z,scrapes/20260406200006/7925596210.txt
7925617373,20260405230006,2026-04-05T23:00:06Z,5900,2014,Kia,Soul,123296,white,automatic,gasoline,,Branford,CT,,vertex,gemini-2.5-flash,2026-04-05T23:15:03.497574Z,scrapes/20260405230006/7925617373.txt
7925568443,20260406170029,2026-04-06T17:00:29Z,11998,2016,Subaru,Outback,136978,Red,automatic,gasoline,True,East Granby,CT,06026,vertex,gemini-2.5-flash,2026-04-06T17:29:37.742608Z,scrapes/20260406170029/7925568443.txt
7925596287,20260406110008,2026-04-06T11:00:08Z,14950,2012,Chevrolet,Silverado 1500,130790,Victory Red,automatic,gas,True,Bridgeport,CT,,vertex,gemini-2.5-flash,2026-04-06T11:15:07.058115Z,scrapes/20260406110008/7925596287.txt
7925617515,20260406190006,2026-04-06T19:00:06Z,17200,2020,Mazda,3,38563,silver,automatic,gasoline,False,Milford,CT,,vertex,gemini-2.5-flash,2026-04-06T19:26:02.744770Z,scrapes/20260406190006/7925617515.txt
7925618922,20260406170029,2026-04-06T17:00:29Z,8900,2014,Volkswagen,Passat SE,85972,grey,automatic,gasoline,False,Branford,CT,,vertex,gemini-2.5-flash,2026-04-06T17:29:47.317680Z,scrapes/20260406170029/7925618922.txt
7925619005,20260405160009,2026-04-05T16:00:09Z,2000,2018,Toyota,Camry,33000,white,automatic,gasoline,,North Haven,CT,,vertex,gemini-2.5-flash,2026-04-05T16:15:04.830360Z,scrapes/20260405160009/7925619005.txt
7925619387,20260406190006,2026-04-06T19:00:06Z,2000,2016,chevy,silverado 1500,90000,blue,automatic,gasoline,True,North Haven,CT,,vertex,gemini-2.5-flash,2026-04-06T19:26:09.523071Z,scrapes/20260406190006/7925619387.txt
7925559046,20260406160040,2026-04-06T16:00:40Z,6200,2010,infinity,qx56,128000,black,automatic,gasoline,True,Naugatuck,CT,,vertex,gemini-2.5-flash,2026-04-06T16:24:46.494663Z,scrapes/20260406160040/7925559046.txt
7925617529,20260406150039,2026-04-06T15:00:39Z,7900,2019,Hyundai,Elantra,121000,grey,automatic,gasoline,False,Branford,CT,,vertex,gemini-2.5-flash,2026-04-06T15:15:11.033089Z,scrapes/20260406150039/7925617529.txt
7925617922,20260406170029,2026-04-06T17:00:29Z,9900,2015,Jeep,Cherokee Latitude,81802,blue,automatic,gasoline,True,Branford,CT,,vertex,gemini-2.5-flash,2026-04-06T17:29:44.429595Z,scrapes/20260406170029/7925617922.txt
7925618367,20260406180013,2026-04-06T18:00:13Z,3500,2013,Nissan,Versa,121347,grey,automatic,gasoline,,Branford,CT,,vertex,gemini-2.5-flash,2026-04-06T18:20:22.843830Z,scrapes/20260406180013/7925618367.txt
7925558588,20260405160009,2026-04-05T16:00:09Z,5500,2011,Toyota,Sienna,67175,,automatic,gasoline,False,Norwalk,CT,,vertex,gemini-2.5-flash,2026-04-05T16:14:52.721725Z,scrapes/20260405160009/7925558588.txt
7925601983,20260406190006,2026-04-06T19:00:06Z,8975,2019,Hyundai,Kona,145143,Thunder Gray,automatic,gasoline,True,Bridgeport,CT,06606,vertex,gemini-2.5-flash,2026-04-06T19:25:40.190909Z,scrapes/20260406190006/7925601983.txt
7925617774,20260406160040,2026-04-06T16:00:40Z,11900,2014,Honda,CR-V EX,130000,brown,automatic,gasoline,True,Branford,CT,,vertex,gemini-2.5-flash,2026-04-06T16:26:18.017063Z,scrapes/20260406160040/7925617774.txt
7925637008,20260406070023,2026-04-06T07:00:23Z,3950,2006,Jeep,Grand Cherokee Laredo,130000,,automatic,gasoline,True,Westfield,MA,,vertex,gemini-2.5-flash,2026-04-06T07:15:05.173078Z,scrapes/20260406070023/7925637008.txt
7925661646,20260406180013,2026-04-06T18:00:13Z,6000,1986,Chevy,El Camino,1234567,maroon and silver,automatic,gasoline,,Middlebury,CT,,vertex,gemini-2.5-flash,2026-04-06T18:20:36.343646Z,scrapes/20260406180013/7925661646.txt
7925603033,20260405150048,2026-04-05T15:00:48Z,2000,2020,honda,accord,20000,blue,automatic,gasoline,True,NORTH HAVEN,CT,,vertex,gemini-2.5-flash,2026-04-05T15:15:04.280053Z,scrapes/20260405150048/7925603033.txt
7925618185,20260406000006,2026-04-06T00:00:06Z,9900,2013,Infiniti,EX35,89281,grey,automatic,gas,True,Branford,CT,,vertex,gemini-2.5-flash,2026-04-06T00:14:54.591307Z,scrapes/20260406000006/7925618185.txt
7925687438,20260406120036,2026-04-06T12:00:36Z,12500,2020,Dodge,Charger,89000,,automatic,gasoline,True,East Haven,CT,,vertex,gemini-2.5-flash,2026-04-06T12:14:57.405794Z,scrapes/20260406120036/7925687438.txt
7922688678,20260406120036,2026-04-06T12:00:36Z,6900,2012,Honda,Accord LX,150492,black,automatic,gasoline,False,Branford,CT,,vertex,gemini-2.5-flash,2026-04-06T12:12:35.181297Z,scrapes/20260406120036/7922688678.txt
7925602918,20260406200006,2026-04-06T20:00:06Z,5000,2021,Tesla,Model S,61000,white,automatic,electric,True,North Haven,CT,,vertex,gemini-2.5-flash,2026-04-06T20:15:34.328819Z,scrapes/20260406200006/7925602918.txt
7925602933,20260405110006,2026-04-05T11:00:06Z,,2018,Acura,TLX a-spec,30000,red,automatic,gasoline,True,North Haven,CT,,vertex,gemini-2.5-flash,2026-04-05T11:14:49.031820Z,scrapes/20260405110006/7925602933.txt
7925610792,20260405030027,2026-04-05T03:00:27Z,2000,2016,chevy,silverado 1500,90000,blue,automatic,gasoline,True,North Haven,CT,,vertex,gemini-2.5-flash,2026-04-05T03:14:46.285682Z,scrapes/20260405030027/7925610792.txt
7925662162,20260406170029,2026-04-06T17:00:29Z,1800,2003,toyota,highlander,258000,custom,automatic,gasoline,,East Haven,CT,,vertex,gemini-2.5-flash,2026-04-06T17:29:58.796893Z,scrapes/20260406170029/7925662162.txt
7925673628,20260406180013,2026-04-06T18:00:13Z,3000,2010,Volkswagen,Jetta S,190000,blue,manual,gasoline,,Shelton,CT,,vertex,gemini-2.5-flash,2026-04-06T18:20:39.349028Z,scrapes/20260406180013/7925673628.txt
7925618752,20260406190006,2026-04-06T19:00:06Z,7900,2014,Hyundai,Sonata,118290,white,automatic,gasoline,,Branford,CT,,vertex,gemini-2.5-flash,2026-04-06T19:26:06.741576Z,scrapes/20260406190006/7925618752.txt
7925683896,20260406170029,2026-04-06T17:00:29Z,3288,2002,Dodge,Neon,150000,,automatic,gasoline,False,Wallingford,CT,,vertex,gemini-2.5-flash,2026-04-06T17:30:04.022890Z,scrapes/20260406170029/7925683896.txt
7925619053,20260406170029,2026-04-06T17:00:29Z,5900,2016,Ford,Fiesta S,88133,white,automatic,gasoline,False,Branford,CT,,vertex,gemini-2.5-flash,2026-04-06T17:29:54.925363Z,scrapes/20260406170029/7925619053.txt
7925625070,20260405210016,2026-04-05T21:00:16Z,13900,2019,Subaru,Crosstrek,114950,Cool Gray Khaki,automatic,gasoline,True,Meriden,CT,,vertex,gemini-2.5-flash,2026-04-05T21:15:14.722892Z,scrapes/20260405210016/7925625070.txt
7925618560,20260406180013,2026-04-06T18:00:13Z,10900,2014,Subaru,XV Crosstrek Limited 4D Wagon,124824,grey,automatic,gasoline,True,Branford,CT,,vertex,gemini-2.5-flash,2026-04-06T18:20:29.952423Z,scrapes/20260406180013/7925618560.txt
7925619188,20260406160040,2026-04-06T16:00:40Z,9900,2018,Subaru,Crosstrek,173000,red,automatic,gasoline,True,Branford,CT,,vertex,gemini-2.5-flash,2026-04-06T16:26:49.927904Z,scrapes/20260406160040/7925619188.txt
7925748951,20260406120036,2026-04-06T12:00:36Z,9450,2014,jeep,cherokee latitude,91437,black,automatic,gasoline,True,Meriden,CT,,vertex,gemini-2.5-flash,2026-04-06T12:15:08.213360Z,scrapes/20260406120036/7925748951.txt
7925718503,20260406120036,2026-04-06T12:00:36Z,13000,2016,Subaru,Impreza,59000,Charcoal gray,automatic,gasoline,True,West Haven,CT,,vertex,gemini-2.5-flash,2026-04-06T12:15:01.320448Z,scrapes/20260406120036/7925718503.txt
7925751059,20260406120036,2026-04-06T12:00:36Z,6000,2009,Audi,A4 2.0T Quattro,114115,silver,automatic,gasoline,True,Meriden,CT,,vertex,gemini-2.5-flash,2026-04-06T12:15:12.417088Z,scrapes/20260406120036/7925751059.txt
7925750254,20260406190006,2026-04-06T19:00:06Z,7500,2016,Chevrolet,Trax LS,81652,black,automatic,gasoline,True,Meriden,CT,,vertex,gemini-2.5-flash,2026-04-06T19:26:12.625556Z,scrapes/20260406190006/7925750254.txt
7925776376,20260406160040,2026-04-06T16:00:40Z,2000,2016,chevy,silverado 1500,90000,blue,automatic,gasoline,True,North Haven,CT,,vertex,gemini-2.5-flash,2026-04-06T16:26:52.983811Z,scrapes/20260406160040/7925776376.txt
7925718718,20260405230006,2026-04-05T23:00:06Z,2500,2012,VW,Tiguan,145000,grey,manual,gasoline,False,Guilford,CT,,vertex,gemini-2.5-flash,2026-04-05T23:15:10.959473Z,scrapes/20260405230006/7925718718.txt
7925806980,20260406040050,2026-04-06T04:00:50Z,,2019,jeep,grand cherokee,90000,,automatic,gasoline,,South Orange,NJ,,vertex,gemini-2.5-flash,2026-04-06T04:15:24.586865Z,scrapes/20260406040050/7925806980.txt
7925776290,20260406120036,2026-04-06T12:00:36Z,5000,2021,tesla,Y,61000,white,automatic,electric,True,North Haven,CT,,vertex,gemini-2.5-flash,2026-04-06T12:15:21.452808Z,scrapes/20260406120036/7925776290.txt
7925776266,20260406200006,2026-04-06T20:00:06Z,2000,2018,Toyota,Camry,33000,white,automatic,gasoline,False,North Haven,CT,,vertex,gemini-2.5-flash,2026-04-06T20:15:38.129529Z,scrapes/20260406200006/7925776266.txt
7925776507,20260406190006,2026-04-06T19:00:06Z,2000,2016,chevy,silverado 1500,90000,blue,automatic,gasoline,True,North Haven,CT,,vertex,gemini-2.5-flash,2026-04-06T19:26:40.782588Z,scrapes/20260406190006/7925776507.txt
7925747163,20260406140049,2026-04-06T14:00:49Z,4099,2017,Toyota,Sienna LE,44604,grey,automatic,gasoline,True,New Haven,CT,,vertex,gemini-2.5-flash,2026-04-06T14:27:30.807263Z,scrapes/20260406140049/7925747163.txt
7925765296,20260406140049,2026-04-06T14:00:49Z,7500,2015,Kia,Sportage,128879,Black,automatic,gasoline,True,North Haven,CT,,vertex,gemini-2.5-flash,2026-04-06T14:27:38.332226Z,scrapes/20260406140049/7925765296.txt
7925862253,20260406020011,2026-04-06T02:00:11Z,11500,2017,Jeep,Cherokee Trailhawk,92000,grey,automatic,gasoline,True,Seymour,CT,,vertex,gemini-2.5-flash,2026-04-06T02:15:18.832555Z,scrapes/20260406020011/7925862253.txt
7925871301,20260406160040,2026-04-06T16:00:40Z,900,1991,Saab,900S,216000,red,manual,gasoline,,Sandy Hook,CT,,vertex,gemini-2.5-flash,2026-04-06T16:27:05.600700Z,scrapes/20260406160040/7925871301.txt
7925776464,20260406130041,2026-04-06T13:00:41Z,2000,2020,honda,accord,20000,blue,automatic,gas,True,NORTH HAVEN,CT,,vertex,gemini-2.5-flash,2026-04-06T13:16:26.136334Z,scrapes/20260406130041/7925776464.txt
7925806912,20260406040050,2026-04-06T04:00:50Z,,2020,dodge,durango,69000,,automatic,gas,,South Orange,NJ,,vertex,gemini-2.5-flash,2026-04-06T04:15:19.414359Z,scrapes/20260406040050/7925806912.txt
7925830296,20260406200006,2026-04-06T20:00:06Z,74495,2026,Chrysler,Pacifica Select 4dr Mini Van,25,Silver,Automatic,gasoline,False,Hudson,NH,03051,vertex,gemini-2.5-flash,2026-04-06T20:15:45.081039Z,scrapes/20260406200006/7925830296.txt
7925870629,20260406200006,2026-04-06T20:00:06Z,3500,2022,Bedrock,,1000,black,other,other,,Brookfield,CT,,vertex,gemini-2.5-flash,2026-04-06T20:15:49.677442Z,scrapes/20260406200006/7925870629.txt
7925880745,20260406130041,2026-04-06T13:00:41Z,17500,2019,GMC,Savana 2500,100000,,automatic,gasoline,,West Hartford,CT,,vertex,gemini-2.5-flash,2026-04-06T13:16:37.334642Z,scrapes/20260406130041/7925880745.txt
7925890251,20260406180013,2026-04-06T18:00:13Z,,2019,Jeep,Grand Cherokee,90000,,automatic,gas,,South Orange,NJ,,vertex,gemini-2.5-flash,2026-04-06T18:20:45.209448Z,scrapes/20260406180013/7925890251.txt
7925854156,20260406130041,2026-04-06T13:00:41Z,3288,2002,Dodge,Neon,150000,,automatic,gas,,Wallingford,CT,,vertex,gemini-2.5-flash,2026-04-06T13:16:34.150478Z,scrapes/20260406130041/7925854156.txt
7925757414,20260406130041,2026-04-06T13:00:41Z,34500,2017,mitsubishi fuso,4x4 Cab over dump truck,33587,white,automatic,diesel,True,Wallingford,,,vertex,gemini-2.5-flash,2026-04-06T13:16:19.910026Z,scrapes/20260406130041/7925757414.txt
7925869882,20260406140049,2026-04-06T14:00:49Z,8000,2009,Mitsubishi,1800 cab chassis,220000,white,automatic,diesel,,Brookfield,CT,,vertex,gemini-2.5-flash,2026-04-06T14:27:44.548687Z,scrapes/20260406140049/7925869882.txt
7925909044,20260406130041,2026-04-06T13:00:41Z,12990,2016,Honda,Pilot,120070,white,automatic,gasoline,True,Bridgeport,CT,06606,vertex,gemini-2.5-flash,2026-04-06T13:16:43.069842Z,scrapes/20260406130041/7925909044.txt
7925909837,20260406170029,2026-04-06T17:00:29Z,14850,2018,INFINITI,Q50,139096,Majestic White,automatic,gas,True,Bridgeport,CT,,vertex,gemini-2.5-flash,2026-04-06T17:32:01.583921Z,scrapes/20260406170029/7925909837.txt
7925776466,20260406190006,2026-04-06T19:00:06Z,,2018,Acura,TLX a-spec,30000,red,automatic,gasoline,True,North Haven,CT,,vertex,gemini-2.5-flash,2026-04-06T19:26:16.318594Z,scrapes/20260406190006/7925776466.txt
7925890250,20260406200006,2026-04-06T20:00:06Z,,2020,dodge,durango,69000,,automatic,gas,,South Orange,NJ,,vertex,gemini-2.5-flash,2026-04-06T20:15:54.118163Z,scrapes/20260406200006/7925890250.txt
7925909002,20260406190006,2026-04-06T19:00:06Z,12300,2014,Ford,Econoline Cargo Van e-250,91374,Oxford White,automatic,gasoline,,Bridgeport,CT,06606,vertex,gemini-2.5-flash,2026-04-06T19:26:59.274123Z,scrapes/20260406190006/7925909002.txt
7925909861,20260406140049,2026-04-06T14:00:49Z,18995,2017,Ford,F-150,106743,Ruby Red Metallic Tinted Clearcoat,Automatic,gasoline,True,Bridgeport,CT,06606,vertex,gemini-2.5-flash,2026-04-06T14:28:02.464209Z,scrapes/20260406140049/7925909861.txt
7925910184,20260406150039,2026-04-06T15:00:39Z,15500,2018,BMW,X2,79633,Black,automatic,gasoline,True,Bridgeport,CT,06606,vertex,gemini-2.5-flash,2026-04-06T15:16:03.614395Z,scrapes/20260406150039/7925910184.txt
7925906358,20260406150039,2026-04-06T15:00:39Z,10998,2014,Subaru,Outback,106997,Tan,automatic,gasoline,True,East Granby,CT,06026,vertex,gemini-2.5-flash,2026-04-06T15:15:34.704297Z,scrapes/20260406150039/7925906358.txt
7925908827,20260406150039,2026-04-06T15:00:39Z,14800,2013,Toyota,Avalon Hybrid,100775,BURGANDY,automatic,gasoline,,Bridgeport,CT,06606,vertex,gemini-2.5-flash,2026-04-06T15:15:40.778510Z,scrapes/20260406150039/7925908827.txt
7925909885,20260406200006,2026-04-06T20:00:06Z,8900,2015,Mercedes-Benz,GLK-Class,123897,red,automatic,gasoline,False,Bridgeport,CT,,vertex,gemini-2.5-flash,2026-04-06T20:16:10.124652Z,scrapes/20260406200006/7925909885.txt
7925909947,20260406170029,2026-04-06T17:00:29Z,13500,2018,BMW,X1,86540,white,automatic,gasoline,False,Bridgeport,CT,06606,vertex,gemini-2.5-flash,2026-04-06T17:33:00.586964Z,scrapes/20260406170029/7925909947.txt
7925910242,20260406150039,2026-04-06T15:00:39Z,9400,2015,Honda,Civic Sedan,130759,blue,automatic,gasoline,,Bridgeport,CT,,vertex,gemini-2.5-flash,2026-04-06T15:16:06.584593Z,scrapes/20260406150039/7925910242.txt
7925910265,20260406190006,2026-04-06T19:00:06Z,8800,2015,Kia,Optima,116669,Bright Silver,automatic,gasoline,,Bridgeport,CT,,vertex,gemini-2.5-flash,2026-04-06T19:27:22.139365Z,scrapes/20260406190006/7925910265.txt
7925910309,20260406200006,2026-04-06T20:00:06Z,13500,2011,Lexus,LS 460,115212,blue,automatic,gas,True,Bridgeport,CT,06606,vertex,gemini-2.5-flash,2026-04-06T20:16:23.672026Z,scrapes/20260406200006/7925910309.txt
7925908910,20260406180013,2026-04-06T18:00:13Z,17500,1988,Chevrolet,Caprice,69541,CREAM,Automatic,gas,,Bridgeport,CT,,vertex,gemini-2.5-flash,2026-04-06T18:20:48.857202Z,scrapes/20260406180013/7925908910.txt
7925909019,20260406200006,2026-04-06T20:00:06Z,8500,2011,Chevrolet,Tahoe,178907,Red Jewel Tintcoat,automatic,,True,Bridgeport,CT,,vertex,gemini-2.5-flash,2026-04-06T20:15:58.071959Z,scrapes/20260406200006/7925909019.txt
7925909032,20260406160040,2026-04-06T16:00:40Z,8900,2006,Lexus,GS 300,131986,silver,automatic,gasoline,True,Bridgeport,CT,06606,vertex,gemini-2.5-flash,2026-04-06T16:27:32.566554Z,scrapes/20260406160040/7925909032.txt
7925910025,20260406190006,2026-04-06T19:00:06Z,59000,1969,Chevrolet,Camaro,4664,blue,automatic,gasoline,,Bridgeport,CT,06606,vertex,gemini-2.5-flash,2026-04-06T19:27:13.573811Z,scrapes/20260406190006/7925910025.txt
7925910253,20260406160040,2026-04-06T16:00:40Z,20900,2014,Mercedes-Benz,S-Class,82595,gray,Automatic,gasoline,True,Bridgeport,CT,,vertex,gemini-2.5-flash,2026-04-06T16:27:44.094485Z,scrapes/20260406160040/7925910253.txt
7925909851,20260406170029,2026-04-06T17:00:29Z,16750,2023,Hyundai,Elantra,108905,Ecotronic Gray,Automatic,gasoline,False,Bridgeport,CT,,vertex,gemini-2.5-flash,2026-04-06T17:32:45.710117Z,scrapes/20260406170029/7925909851.txt
7925909872,20260406200006,2026-04-06T20:00:06Z,14850,2020,Ford,Fusion,35125,blue,automatic,gas,False,Bridgeport,CT,,vertex,gemini-2.5-flash,2026-04-06T20:16:02.989771Z,scrapes/20260406200006/7925909872.txt
7925909939,20260406180013,2026-04-06T18:00:13Z,10850,2015,Ford,Fusion,92276,Tuxedo Black,automatic,gasoline,True,Bridgeport,CT,06606,vertex,gemini-2.5-flash,2026-04-06T18:20:57.490133Z,scrapes/20260406180013/7925909939.txt
7925909825,20260406190006,2026-04-06T19:00:06Z,17980,2020,Audi,Q3,77916,Chronos Gray Metallic,automatic,gasoline,True,Bridgeport,CT,06606,vertex,gemini-2.5-flash,2026-04-06T19:27:08.985916Z,scrapes/20260406190006/7925909825.txt
7925910040,20260406190006,2026-04-06T19:00:06Z,69500,1966,CHEVROLET,CHEVELLE,59985,grey,automatic,gasoline,,Bridgeport,CT,,vertex,gemini-2.5-flash,2026-04-06T19:27:17.839419Z,scrapes/20260406190006/7925910040.txt
7925910209,20260406200006,2026-04-06T20:00:06Z,12850,2016,Dodge,Grand Caravan,48019,True Blue Pearlcoat,automatic,gasoline,False,Bridgeport,CT,06606,vertex,gemini-2.5-flash,2026-04-06T20:16:14.518234Z,scrapes/20260406200006/7925910209.txt
7925910285,20260406200006,2026-04-06T20:00:06Z,8900,2017,Hyundai,Elantra,105189,Scarlet Red,automatic,gasoline,,Bridgeport,CT,06606,vertex,gemini-2.5-flash,2026-04-06T20:16:20.486865Z,scrapes/20260406200006/7925910285.txt
7925995313,20260406200006,2026-04-06T20:00:06Z,7200,2016,audi,q5,149000,blue,automatic,gasoline,True,Shelton,CT,,vertex,gemini-2.5-flash,2026-04-06T20:16:28.052550Z,scrapes/20260406200006/7925995313.txt
